100,1,1,1,1,1,1,1,1,1,1,1,1,1,1,1,1,1,1,1,1,1,1,1,1,1,1,1,1,1,1,1,1,1,1,1,1,1,1,2,2,2,2,2,2,2,2,2,2,2,2,2,2,2,2,2,3,3,3,4,4,4,4,5,6,6,6,6,6,6,6,6,6,9,9,10,10,10,12,13,13,14,16,17,19,22,24,26,30,35,44,52,62,75,102,163,326,652,1304,2608,5216,10432
100,1,1,1,1,1,1,1,1,1,1,1,1,1,1,1,1,1,1,1,1,1,1,1,1,1,1,1,1,1,1,1,1,2,2,2,2,2,2,2,2,2,2,2,2,2,2,2,3,3,3,3,3,4,4,5,5,5,5,5,5,5,5,5,5,6,6,6,7,7,9,9,9,10,12,12,14,16,16,16,17,18,20,24,27,29,35,37,40,46,51,62,77,97,134,208,416,832,1664,3328,6656,13312
100,1,1,1,1,1,1,1,1,1,1,1,1,1,1,1,1,1,1,1,1,1,1,1,1,1,1,1,1,1,1,1,1,1,1,1,1,1,1,1,1,2,2,2,2,3,3,3,3,3,3,3,3,3,3,3,3,3,3,3,4,4,4,4,5,5,5,5,6,6,6,6,6,6,9,11,11,11,11,12,12,12,14,16,17,20,23,29,31,33,39,48,57,72,93,151,302,604,1208,2416,4832,9664
100,1,1,1,1,1,1,1,1,1,1,1,1,1,1,1,1,1,1,1,1,1,1,1,1,2,2,2,2,2,2,2,2,2,2,2,2,2,2,2,2,2,2,2,2,2,2,2,2,2,2,2,2,2,2,2,2,2,3,3,3,3,3,3,3,3,3,4,4,4,4,5,5,5,6,7,7,7,8,9,9,9,9,13,15,15,19,20,22,23,28,34,39,53,71,113,226,452,904,1808,3616,7232
100,1,1,1,1,1,1,1,1,1,1,1,1,1,1,1,1,1,1,1,1,1,1,1,1,1,1,1,1,1,1,1,1,1,1,1,1,1,1,1,2,2,2,2,2,2,2,2,2,2,2,2,2,2,3,3,3,3,4,4,4,4,4,4,4,4,5,6,6,6,6,8,9,10,11,11,11,12,13,13,15,16,18,22,22,25,29,30,36,40,48,58,68,90,116,182,364,728,1456,2912,5824,11648
100,1,1,1,1,1,1,1,1,1,1,1,1,1,1,1,1,1,1,1,1,1,1,1,1,1,1,1,1,1,1,1,1,1,1,1,1,1,1,1,1,1,1,1,1,1,1,1,1,2,2,2,2,2,2,2,2,3,3,3,3,3,3,3,3,3,3,3,3,3,4,4,4,4,5,6,6,6,6,6,8,10,11,11,12,13,16,18,19,21,25,34,40,49,63,99,198,396,792,1584,3168,6336
100,1,1,1,1,1,1,1,1,1,1,1,1,1,1,1,1,1,1,1,1,1,1,1,1,1,1,1,1,1,1,1,1,1,1,1,1,1,1,1,1,1,1,2,2,2,2,2,2,3,3,3,3,3,3,3,3,3,3,3,3,3,3,3,4,4,5,5,5,5,6,6,6,8,9,9,9,10,13,14,14,16,18,19,19,19,24,26,30,37,40,50,57,74,105,165,330,660,1320,2640,5280,10560
100,1,1,1,1,1,1,1,1,1,1,1,1,1,1,1,1,1,1,1,1,1,1,1,1,1,1,1,1,1,1,1,1,2,2,2,2,2,2,2,2,2,2,2,2,2,2,2,3,3,3,3,4,4,4,4,4,4,4,5,5,5,6,6,6,6,6,6,6,8,8,8,9,11,12,13,14,14,15,16,17,19,22,22,27,30,31,35,43,47,54,64,76,94,131,207,414,828,1656,3312,6624,13248
100,1,1,1,1,1,1,1,1,2,2,2,2,2,2,2,2,2,2,2,2,2,2,2,3,3,3,3,3,3,3,3,3,3,3,3,3,4,4,4,4,4,4,4,4,4,4,4,4,4,4,4,4,6,7,7,7,7,7,8,8,8,8,9,9,11,11,11,12,13,13,13,15,16,16,16,18,20,21,23,25,29,34,35,37,41,45,53,58,69,83,100,119,156,209,324,648,1296,2592,5184,10368,20736
100,1,1,1,1,1,1,1,1,1,1,1,1,2,2,2,2,2,2,2,2,2,2,2,2,2,2,2,2,2,2,2,2,2,2,2,2,2,3,3,4,4,4,4,4,4,4,4,4,4,4,4,5,5,6,6,6,6,6,7,7,7,7,9,10,10,10,11,12,13,13,14,14,15,16,16,18,20,23,23,25,30,35,36,37,41,50,56,63,72,84,97,127,158,213,336,672,1344,2688,5376,10752,21504
100,1,1,1,1,1,1,1,1,1,1,1,1,1,1,1,1,1,1,1,1,1,1,1,1,1,1,1,1,1,1,1,1,1,1,1,1,1,1,1,2,2,2,2,2,2,2,2,2,2,2,2,3,3,3,3,3,3,3,3,3,4,4,4,5,5,5,5,5,5,5,6,6,6,6,7,8,10,10,10,11,11,12,14,15,18,19,24,26,31,40,50,57,71,96,152,304,608,1216,2432,4864,9728
100,1,1,1,1,1,1,1,1,1,1,1,1,1,1,1,1,1,1,1,1,1,1,1,1,1,1,2,2,2,2,2,2,2,2,2,2,2,2,3,3,3,3,3,3,3,3,3,3,3,3,4,4,4,5,5,5,5,5,5,5,6,6,6,6,7,7,7,7,8,8,11,11,11,11,14,14,16,16,18,19,21,23,25,27,33,35,37,44,52,62,69,82,111,143,230,460,920,1840,3680,7360,14720
100,1,1,1,1,1,1,1,1,1,1,1,1,1,1,1,1,1,1,1,1,1,1,1,1,1,1,1,1,1,1,1,1,1,1,1,1,2,2,2,2,2,2,2,2,2,3,3,3,3,3,3,3,3,3,3,3,3,4,4,4,4,4,4,5,5,5,6,6,6,7,7,7,8,8,9,9,11,12,12,12,15,15,19,21,21,25,28,31,39,43,48,61,84,108,172,344,688,1376,2752,5504,11008
100,1,1,1,1,1,1,1,1,1,1,1,1,1,1,1,1,1,1,1,1,1,1,1,1,1,1,1,1,1,1,1,1,1,1,1,1,2,2,2,2,2,2,2,2,2,2,2,2,2,2,2,2,2,3,3,3,3,4,4,5,6,6,6,6,6,6,6,7,8,8,8,8,9,9,9,9,10,12,13,13,17,17,18,20,22,27,30,36,40,46,56,65,80,113,185,370,740,1480,2960,5920,11840
100,1,1,1,1,1,1,1,1,1,1,1,1,1,1,2,2,2,2,2,2,3,3,3,3,3,3,3,3,3,3,3,3,3,3,3,3,3,3,3,3,3,3,3,3,3,4,5,5,5,5,5,5,5,5,5,5,5,5,8,8,8,8,9,11,11,12,12,13,13,14,14,14,16,18,20,21,22,25,27,29,35,36,37,42,51,53,59,65,74,92,109,134,170,228,361,722,1444,2888,5776,11552,23104
100,1,1,1,1,1,1,1,1,1,1,1,1,1,1,1,1,1,1,1,1,1,2,2,2,2,2,2,2,2,2,2,2,2,2,2,3,3,3,3,3,3,3,3,3,3,3,3,3,3,3,3,3,3,4,5,5,5,5,5,6,6,6,7,8,8,8,8,8,8,10,11,11,12,13,14,14,14,16,16,16,18,21,27,31,32,35,40,46,51,64,77,89,118,159,247,494,988,1976,3952,7904,15808
100,1,1,1,1,1,1,1,1,1,1,1,1,1,1,1,1,1,1,1,1,1,1,1,1,1,1,1,1,1,1,1,1,1,1,2,2,2,2,2,2,2,2,2,2,2,2,2,2,2,2,3,3,3,4,4,4,4,5,5,5,5,5,5,6,6,6,7,7,8,8,9,10,10,10,12,12,13,16,16,17,17,18,21,22,26,29,34,37,41,47,60,69,92,124,196,392,784,1568,3136,6272,12544
100,1,1,1,1,1,1,1,1,1,1,1,1,1,1,1,1,1,2,2,2,2,2,2,2,2,2,2,2,3,3,3,3,3,3,3,3,3,3,3,3,3,3,3,3,4,4,4,4,4,4,4,4,4,5,5,5,5,5,5,5,5,5,5,6,7,7,8,8,8,8,11,11,12,12,12,14,17,17,18,19,23,25,27,29,32,34,40,45,57,66,76,91,118,160,250,500,1000,2000,4000,8000,16000
100,1,1,1,1,1,1,1,1,1,1,1,1,1,1,1,1,1,1,1,1,1,1,1,1,1,1,1,1,1,1,1,1,2,2,2,2,2,2,2,2,2,2,2,2,2,2,2,2,2,2,2,2,3,3,3,3,3,3,4,4,5,5,5,5,5,5,5,6,6,7,9,9,10,10,11,11,11,12,13,13,16,18,18,18,22,25,27,32,39,45,51,64,82,114,177,354,708,1416,2832,5664,11328
100,1,1,1,1,1,1,1,1,1,1,1,1,1,1,1,1,1,1,1,1,1,1,1,1,2,2,2,2,2,2,2,2,2,2,2,2,2,2,3,3,3,3,3,3,3,3,3,3,3,3,3,3,3,3,3,3,4,5,5,5,5,5,5,5,5,5,5,5,7,7,8,8,8,9,9,10,11,12,12,13,13,17,19,21,22,23,25,31,36,41,50,61,76,106,163,326,652,1304,2608,5216,10432
100,1,1,1,1,1,1,1,1,1,1,1,1,1,1,1,1,1,1,1,2,2,2,2,2,2,2,2,2,2,2,2,2,3,3,3,3,3,3,3,3,3,4,4,4,4,4,4,4,4,4,4,4,4,4,4,4,5,5,5,6,6,6,6,7,7,8,8,9,9,10,10,12,13,14,14,14,15,16,16,18,21,23,28,29,33,37,43,46,54,62,75,94,120,165,260,520,1040,2080,4160,8320,16640
100,1,1,1,1,1,1,1,1,1,1,1,1,1,1,1,1,1,1,1,1,1,1,1,1,1,1,1,1,1,1,1,1,1,1,1,1,1,1,1,1,1,1,1,1,1,1,1,2,2,2,2,2,2,2,2,2,3,3,3,3,3,3,3,3,3,3,3,3,3,3,3,5,6,6,6,7,7,8,8,9,9,9,10,12,13,17,18,21,24,26,33,39,50,65,107,214,428,856,1712,3424,6848
100,1,1,1,1,1,1,1,1,1,1,1,1,1,2,2,2,2,2,2,2,2,2,2,2,2,2,2,2,2,2,2,2,2,2,3,3,3,3,4,4,4,4,4,4,4,4,4,4,4,5,5,5,6,6,7,7,7,7,7,8,9,9,9,10,10,10,11,11,12,13,14,15,15,15,17,18,19,23,25,27,30,33,34,37,39,47,55,64,70,83,96,123,154,208,330,660,1320,2640,5280,10560,21120
100,1,1,1,1,1,1,1,1,1,1,1,1,1,1,1,1,1,1,1,1,1,1,1,1,1,1,1,1,1,1,1,1,1,1,1,1,1,1,1,1,1,1,1,2,2,2,2,2,2,2,2,2,2,2,2,3,3,3,3,3,3,4,4,5,5,5,5,5,5,5,5,6,6,7,7,7,9,9,9,11,12,13,16,17,19,22,22,24,28,37,43,52,63,88,141,282,564,1128,2256,4512,9024
100,1,1,1,1,1,1,1,1,1,1,1,1,1,1,1,1,1,1,1,1,1,1,1,1,1,1,1,1,1,2,2,2,2,2,2,2,2,2,2,2,2,2,2,2,2,3,3,3,4,4,4,4,4,5,5,5,5,6,6,7,7,7,7,7,8,8,9,9,10,10,10,10,10,11,13,13,15,17,18,20,21,22,23,27,31,36,42,47,52,60,78,93,117,157,248,496,992,1984,3968,7936,15872
100,1,1,1,1,1,1,1,1,1,1,1,1,1,1,1,1,1,1,1,1,1,1,1,1,1,1,1,1,1,2,2,2,2,2,2,2,2,2,2,2,2,2,2,2,2,2,2,2,3,4,4,4,5,5,5,5,5,5,5,5,5,5,5,5,6,6,6,6,7,8,8,8,9,9,11,11,12,13,13,14,15,18,18,20,24,26,30,32,37,43,53,64,83,113,178,356,712,1424,2848,5696,11392
100,1,1,1,1,1,1,1,1,1,1,1,1,1,1,1,1,1,1,1,1,1,1,1,1,1,1,1,1,1,1,1,1,1,1,1,1,1,1,1,1,2,2,2,2,2,2,2,2,2,2,2,2,2,3,3,3,3,3,3,4,4,5,5,5,5,5,5,6,7,7,7,8,9,9,9,10,11,12,12,14,16,17,18,20,23,25,29,34,38,43,50,62,75,104,164,328,656,1312,2624,5248,10496
100,1,1,1,1,1,1,1,1,1,1,1,1,1,1,1,1,1,1,1,1,1,1,1,1,1,1,1,1,1,1,1,1,2,2,2,2,2,2,2,2,2,3,3,3,3,3,3,3,3,4,4,4,4,4,4,4,4,4,4,4,4,5,5,6,7,7,7,7,7,7,7,7,7,9,9,10,11,13,13,14,15,16,16,20,22,24,27,29,37,43,55,68,84,111,178,356,712,1424,2848,5696,11392
100,1,1,1,1,1,1,1,1,1,1,1,1,1,1,1,1,1,1,1,1,1,1,1,1,1,1,1,1,1,1,1,1,1,1,1,1,1,1,1,1,1,1,1,2,2,2,2,2,2,2,3,3,3,3,3,3,4,4,4,4,4,4,4,4,4,4,4,4,5,6,6,6,6,7,7,8,8,11,12,12,13,14,15,16,19,21,25,28,34,39,47,53,72,97,152,304,608,1216,2432,4864,9728
100,1,1,1,1,1,1,1,1,1,1,1,1,1,1,1,1,1,1,1,1,1,1,1,1,1,1,1,1,1,2,2,2,2,2,2,2,2,2,2,2,2,2,2,2,3,3,3,3,3,3,4,4,4,4,4,4,4,5,6,6,6,6,6,6,6,7,7,7,7,8,8,10,10,11,11,14,14,14,17,19,19,22,24,24,28,30,34,39,44,56,63,82,104,138,219,438,876,1752,3504,7008,14016
100,1,1,1,1,1,1,1,1,1,1,1,1,1,1,1,1,1,1,1,1,1,1,1,1,1,2,2,2,2,2,2,2,2,2,2,2,2,2,2,2,2,2,2,2,2,2,2,2,3,4,4,4,4,4,4,4,4,4,4,4,4,4,4,4,5,6,6,6,6,6,7,7,8,9,10,10,10,10,11,12,15,15,16,17,20,22,24,30,34,42,47,58,76,102,165,330,660,1320,2640,5280,10560
100,1,1,1,1,1,1,1,1,1,1,1,1,1,1,1,1,1,1,1,1,2,2,2,2,2,2,2,2,2,2,2,2,2,2,2,2,2,3,3,3,3,3,3,3,3,4,4,4,4,4,4,4,5,5,6,6,6,6,6,8,8,8,8,8,8,8,8,9,10,12,13,13,14,14,14,16,17,19,21,22,25,27,30,33,37,38,46,52,59,75,89,106,139,185,287,574,1148,2296,4592,9184,18368
100,1,1,1,1,1,1,1,2,2,2,2,2,2,2,2,2,2,2,2,2,2,2,2,2,2,2,2,2,2,2,2,3,3,3,3,3,3,3,4,4,4,4,4,4,4,4,4,4,4,4,4,4,5,5,6,6,6,8,8,8,9,10,10,10,10,10,10,10,12,14,14,14,14,15,17,19,19,21,28,29,32,33,36,39,42,47,56,62,69,85,100,122,151,207,325,650,1300,2600,5200,10400,20800
100,1,1,1,1,1,1,1,1,1,1,1,1,1,1,1,1,1,1,1,1,1,1,1,1,1,1,1,1,1,1,1,1,1,1,1,1,1,1,1,1,2,2,2,2,2,2,2,2,3,3,3,3,3,3,3,3,3,3,3,3,3,3,3,4,5,5,5,5,5,5,5,5,5,6,8,8,8,9,9,9,9,12,13,14,17,18,20,22,28,35,42,46,62,84,131,262,524,1048,2096,4192,8384
100,1,1,1,1,1,1,1,1,1,1,1,1,1,1,1,1,1,1,1,1,1,1,1,1,2,2,2,2,2,2,2,2,2,2,2,2,2,2,2,2,2,3,3,3,3,3,3,3,3,3,3,3,5,5,5,5,5,5,5,5,5,5,5,5,6,7,8,8,10,11,12,12,13,15,15,17,17,17,18,19,20,23,25,29,31,32,37,44,54,63,69,85,112,152,243,486,972,1944,3888,7776,15552
100,1,1,1,1,1,1,1,1,1,1,1,1,1,1,1,1,1,1,1,1,2,2,2,2,2,2,3,3,3,3,3,3,3,3,3,3,3,3,3,3,3,3,3,3,3,3,3,3,3,4,4,4,4,4,4,4,4,4,5,6,6,6,6,6,6,6,6,7,9,10,10,10,11,13,13,13,13,14,17,17,18,22,22,23,27,32,35,39,45,57,66,80,99,136,218,436,872,1744,3488,6976,13952
100,1,1,1,1,1,1,1,1,1,1,1,1,1,1,1,1,1,1,1,1,1,1,1,1,1,1,1,1,1,1,1,1,1,1,1,1,1,1,1,1,1,1,1,1,1,1,2,2,2,2,2,2,2,2,2,2,2,2,2,2,2,3,3,3,3,4,4,4,4,4,4,5,5,7,7,8,8,8,8,10,11,12,15,15,16,17,21,23,28,34,37,46,61,81,125,250,500,1000,2000,4000,8000
100,1,1,1,1,1,1,1,1,1,1,1,1,1,1,1,1,1,1,1,1,1,1,1,1,1,1,1,1,1,1,1,2,2,2,2,2,2,2,2,2,2,2,2,2,2,2,2,2,2,2,3,3,3,3,3,3,3,3,3,4,4,4,4,4,5,6,6,6,6,7,7,8,9,10,10,11,11,14,15,16,18,18,20,20,26,28,30,35,41,47,60,69,87,117,185,370,740,1480,2960,5920,11840
100,1,1,1,1,1,1,1,1,1,1,1,1,1,1,1,1,1,1,1,1,1,1,1,1,1,1,1,1,1,1,1,2,2,2,2,2,2,2,2,2,2,2,2,2,2,3,3,3,3,3,4,4,4,4,4,4,4,4,5,5,6,6,6,6,7,7,7,7,7,7,8,9,9,9,10,12,12,15,15,16,17,18,22,25,27,30,33,36,43,51,62,73,91,119,192,384,768,1536,3072,6144,12288
100,1,1,1,1,1,1,1,1,1,1,1,1,1,1,1,1,1,1,1,1,1,1,1,1,1,1,1,1,1,1,1,1,1,1,2,2,2,2,2,2,2,2,2,2,2,2,2,2,2,2,2,2,2,3,3,3,3,3,3,3,3,4,4,5,5,5,5,5,6,6,8,8,9,9,9,9,10,11,13,14,15,15,18,20,24,29,30,34,38,43,52,65,81,116,178,356,712,1424,2848,5696,11392
100,1,1,1,1,1,1,1,1,1,1,1,1,1,1,1,1,1,1,1,1,1,1,1,1,1,1,1,1,1,1,1,1,1,1,1,1,1,1,1,1,1,2,2,2,2,2,2,2,2,2,3,3,3,3,3,3,3,3,3,3,3,4,4,4,4,5,5,5,6,6,6,6,8,8,9,9,9,11,11,12,16,17,17,19,21,24,27,30,34,40,52,61,77,105,164,328,656,1312,2624,5248,10496
100,1,1,1,1,1,1,1,1,1,1,1,1,1,1,1,1,1,1,1,1,1,1,1,1,1,1,1,1,1,1,1,1,1,1,1,1,1,1,2,2,2,2,2,2,2,2,2,2,2,2,2,2,3,3,3,3,3,3,3,3,3,4,4,4,4,5,5,5,5,6,7,7,7,9,9,9,10,10,13,13,13,16,19,19,23,25,28,31,37,43,55,65,82,110,176,352,704,1408,2816,5632,11264
100,1,1,1,1,1,1,1,1,1,1,1,1,1,1,1,1,1,1,1,1,1,1,1,1,1,1,1,1,1,2,2,2,2,2,2,2,2,2,2,2,2,2,2,2,2,3,3,3,3,3,3,4,4,4,4,4,4,4,4,4,5,6,6,6,7,7,7,8,9,9,9,9,10,10,11,11,12,12,12,14,18,20,22,22,25,27,33,35,42,49,57,70,89,125,195,390,780,1560,3120,6240,12480
100,1,1,1,1,1,1,1,1,1,1,1,1,1,1,1,1,1,1,1,1,2,2,2,2,2,2,2,2,2,2,2,2,2,2,2,2,2,2,2,3,3,3,3,3,3,3,3,3,3,3,3,3,5,5,5,5,5,5,5,6,6,6,6,6,6,6,6,6,7,8,9,9,9,10,11,13,13,14,15,16,17,20,24,29,29,34,38,40,48,51,61,71,98,128,203,406,812,1624,3248,6496,12992
100,1,1,1,1,1,1,1,1,1,1,1,1,1,1,1,1,1,1,1,1,1,1,1,1,1,1,2,2,2,2,2,2,2,2,2,2,2,2,2,2,2,2,2,2,2,3,3,3,3,3,3,3,3,3,3,4,4,4,4,4,4,4,5,5,5,7,7,8,8,8,8,8,10,11,13,13,13,13,15,16,20,22,23,24,26,30,32,43,44,54,66,77,99,132,211,422,844,1688,3376,6752,13504
100,1,1,1,1,1,1,1,1,1,1,1,1,1,1,1,1,1,1,1,1,1,1,1,1,1,1,1,1,1,1,2,2,2,2,2,2,2,2,2,2,2,2,2,2,2,2,2,2,2,2,3,3,3,3,3,3,3,3,3,3,4,4,4,4,4,4,5,5,5,6,9,9,9,10,10,11,12,12,12,13,15,17,18,19,21,26,29,29,32,40,50,61,72,102,162,324,648,1296,2592,5184,10368
100,1,1,1,1,1,1,1,1,1,1,1,1,1,1,1,1,1,1,1,1,1,1,1,1,1,1,1,1,1,1,1,1,1,1,1,1,1,1,1,1,1,1,1,1,1,2,2,2,2,2,2,2,2,2,2,2,3,3,3,3,3,3,4,4,4,4,4,4,4,5,6,6,7,7,7,7,7,7,7,9,10,11,11,12,14,16,17,19,23,27,32,41,53,72,115,230,460,920,1840,3680,7360
100,1,2,2,2,2,2,2,2,2,2,2,2,2,2,2,2,2,2,2,2,2,2,2,2,2,2,2,2,2,3,3,3,3,3,3,4,4,4,4,4,4,4,5,5,5,5,5,5,6,6,6,7,7,7,7,7,7,7,7,7,8,8,8,8,10,10,11,11,12,13,14,15,17,18,20,20,22,24,25,27,30,31,34,37,41,46,54,61,69,83,97,116,156,209,322,644,1288,2576,5152,10304,20608
100,1,1,1,1,1,1,1,1,1,1,1,1,1,1,1,1,1,1,1,1,1,1,1,1,1,1,1,1,1,1,1,1,1,1,1,1,1,1,2,2,2,2,2,2,2,2,2,2,2,2,2,2,2,2,2,3,3,3,3,3,3,4,5,5,5,6,6,6,6,6,7,7,7,8,9,10,10,12,13,14,15,15,16,17,19,21,26,27,33,38,44,59,78,101,157,314,628,1256,2512,5024,10048
100,1,1,1,1,1,1,1,1,1,1,1,1,1,1,1,1,1,1,1,1,1,1,1,1,1,2,2,2,2,2,2,3,3,3,3,3,3,3,3,3,3,3,3,3,3,4,4,4,4,4,5,5,5,5,5,5,6,6,6,6,6,6,8,8,8,8,8,9,10,10,11,12,12,13,13,15,18,19,20,23,25,25,29,34,36,38,45,51,59,70,84,100,130,170,275,550,1100,2200,4400,8800,17600
100,1,1,1,1,1,1,1,1,1,1,1,1,1,1,1,1,1,1,1,1,1,1,1,1,1,1,1,1,1,1,1,1,1,1,1,1,1,1,1,2,2,2,2,2,2,2,2,2,2,2,2,2,2,2,2,2,3,4,4,4,4,4,4,4,4,5,5,6,6,6,7,9,9,10,10,11,12,12,12,14,15,17,18,20,22,24,30,32,37,47,54,61,81,114,179,358,716,1432,2864,5728,11456
100,1,1,1,1,1,1,1,1,1,1,1,1,1,1,1,1,1,1,1,1,1,1,1,1,1,1,1,1,1,1,1,1,1,1,1,1,1,1,1,1,1,2,2,2,2,2,2,2,2,2,3,3,3,3,3,3,3,3,3,3,3,3,4,4,4,4,4,5,6,6,7,8,8,8,9,10,10,13,13,14,15,15,16,16,20,21,26,32,35,41,51,60,78,105,164,328,656,1312,2624,5248,10496
100,1,1,1,1,1,1,1,1,1,1,1,1,1,1,1,1,1,1,1,1,1,1,1,1,1,1,2,2,2,2,2,2,2,2,2,2,2,2,2,2,2,2,2,3,3,3,3,4,4,4,4,4,4,4,4,4,5,5,5,6,6,6,6,6,7,7,8,9,10,10,11,11,12,12,13,14,14,16,17,17,17,19,24,29,31,33,36,40,46,57,67,83,100,138,214,428,856,1712,3424,6848,13696
100,1,1,1,1,1,1,1,1,1,1,1,1,1,1,1,1,1,1,1,1,1,1,1,1,1,1,1,1,1,1,1,2,2,2,2,2,2,2,2,2,2,2,2,2,2,2,2,2,2,2,2,2,2,2,2,2,2,3,3,3,4,4,4,4,4,4,5,6,6,6,6,6,6,6,6,7,7,8,9,10,12,14,16,17,18,20,24,25,32,40,46,50,61,87,141,282,564,1128,2256,4512,9024
100,1,1,1,1,1,1,1,1,1,1,1,1,1,1,1,1,1,1,1,1,1,1,1,1,1,1,1,1,1,1,1,1,1,1,1,1,1,1,1,1,2,2,2,2,2,2,2,2,2,2,2,2,2,2,3,4,4,4,4,4,4,4,5,5,5,5,5,5,6,8,8,8,8,8,9,9,12,13,15,15,15,16,19,22,24,27,32,33,36,42,53,67,82,111,175,350,700,1400,2800,5600,11200
100,1,1,1,1,1,1,1,1,1,1,1,1,1,1,1,1,1,1,1,1,1,1,1,1,1,1,1,1,1,1,1,1,1,1,1,1,2,2,2,2,2,2,2,2,2,3,3,3,3,3,3,3,3,3,3,3,3,3,3,4,4,4,4,4,5,5,5,6,6,7,8,8,8,9,10,10,12,13,13,13,15,16,17,19,21,24,28,31,34,42,53,62,77,106,168,336,672,1344,2688,5376,10752
100,1,1,1,1,1,1,1,1,1,1,1,1,1,1,1,2,2,2,2,2,2,2,2,2,2,2,2,2,2,2,2,2,2,2,2,2,2,2,2,3,3,3,3,3,3,4,4,4,4,4,4,4,4,5,5,6,7,7,7,8,8,10,10,10,10,10,11,12,12,12,12,13,14,15,15,16,20,21,24,25,25,26,29,34,39,44,47,57,62,76,90,108,132,182,288,576,1152,2304,4608,9216,18432
100,1,1,1,1,1,1,1,1,1,1,1,1,1,1,1,1,1,1,1,1,1,1,1,1,1,1,1,1,1,1,1,1,1,1,1,1,1,2,2,2,2,2,2,2,2,2,2,2,2,2,2,2,2,3,3,3,3,4,4,4,4,4,5,5,5,6,6,6,7,7,8,8,9,9,9,10,13,13,14,15,16,19,19,23,24,26,28,32,34,41,47,68,79,110,174,348,696,1392,2784,5568,11136
100,1,1,1,1,1,1,1,1,1,1,1,1,1,1,1,1,1,1,1,1,1,1,1,1,1,1,1,1,1,1,1,2,2,2,2,2,2,2,2,2,2,2,2,2,2,2,2,3,3,4,4,4,4,5,5,5,6,6,6,6,6,6,6,7,7,9,9,9,9,9,9,9,12,13,13,13,15,17,19,19,21,24,26,26,30,34,42,46,53,62,70,87,111,152,235,470,940,1880,3760,7520,15040
100,1,1,1,1,1,1,1,1,1,1,1,1,1,1,1,1,1,1,1,1,1,1,1,1,1,1,1,1,1,1,1,1,2,2,2,2,2,2,2,2,2,2,2,2,2,2,2,2,2,2,2,2,2,2,2,2,2,3,3,4,4,4,4,4,4,5,5,5,5,5,6,6,6,6,7,7,8,9,10,11,13,14,14,14,16,18,23,27,30,34,43,50,61,83,137,274,548,1096,2192,4384,8768
100,1,1,1,1,1,1,1,1,1,1,1,1,1,1,1,1,1,1,1,1,1,1,1,1,1,1,1,1,1,1,2,2,2,2,2,2,2,2,2,2,2,2,2,2,2,2,2,2,3,3,3,4,4,4,4,4,4,4,4,4,5,5,7,7,7,8,9,9,9,10,10,10,11,12,13,13,14,15,17,19,20,22,25,27,28,32,37,41,48,56,70,81,101,143,221,442,884,1768,3536,7072,14144
100,1,1,1,1,1,1,1,1,1,1,1,1,1,1,1,1,1,1,1,1,1,1,1,1,1,1,1,1,1,1,1,1,2,2,2,2,2,2,2,2,2,2,2,2,2,2,2,3,3,3,3,3,4,4,4,4,5,5,5,5,5,5,5,6,6,7,7,7,7,9,9,9,9,9,11,12,13,14,16,18,22,23,24,25,28,33,39,41,51,57,70,81,103,143,223,446,892,1784,3568,7136,14272
100,1,1,1,1,1,1,1,1,1,1,1,1,1,1,1,1,1,1,1,1,1,1,1,1,1,1,1,1,1,2,2,2,2,2,2,2,2,2,2,2,2,2,2,2,2,2,3,3,3,3,3,3,3,4,4,4,4,5,5,5,5,5,5,6,6,7,7,8,9,9,9,11,11,11,13,13,13,14,16,16,16,17,22,25,28,31,36,40,49,57,67,80,99,131,213,426,852,1704,3408,6816,13632
100,1,1,1,1,1,1,1,1,1,1,1,1,1,2,2,2,2,2,2,2,2,2,2,2,2,2,2,2,2,2,2,2,3,3,3,3,3,3,3,4,4,4,4,4,4,6,6,6,6,6,6,6,6,6,6,6,7,7,8,8,8,8,8,8,8,8,9,10,10,11,13,14,15,16,16,17,21,22,22,24,26,28,31,37,41,48,53,58,65,82,99,116,145,199,311,622,1244,2488,4976,9952,19904
100,1,1,1,1,1,1,1,1,1,1,1,1,1,1,1,1,1,1,1,1,1,1,2,2,2,2,2,2,2,2,2,2,2,2,2,2,2,2,2,2,2,2,2,2,3,3,3,3,3,4,4,4,4,4,5,5,5,5,6,7,7,7,8,8,8,8,9,9,9,10,11,11,12,12,13,15,16,18,18,20,22,22,24,26,31,35,37,47,56,65,71,85,112,154,241,482,964,1928,3856,7712,15424
100,1,1,1,1,1,1,1,1,1,1,1,1,1,1,1,1,1,1,1,1,1,1,1,1,1,1,1,1,1,1,1,1,2,2,2,2,2,2,2,2,2,3,3,3,3,3,3,3,3,3,3,3,3,3,4,4,4,4,4,4,5,5,6,6,6,6,6,7,8,8,8,9,9,11,14,14,14,14,17,17,17,19,22,26,26,29,32,40,45,52,64,76,92,130,208,416,832,1664,3328,6656,13312
100,1,1,1,1,1,1,1,1,1,1,1,1,1,1,1,1,1,1,2,2,2,2,2,2,2,2,2,2,2,2,2,2,2,2,2,2,2,2,2,2,2,3,3,3,3,4,4,4,4,4,4,4,4,4,5,5,5,5,5,7,7,8,8,8,8,9,9,9,10,12,14,15,15,16,17,18,19,22,25,27,28,31,37,39,39,46,50,61,69,78,92,114,138,198,310,620,1240,2480,4960,9920,19840
100,1,1,1,1,1,1,1,1,1,1,1,1,1,1,1,1,1,1,1,1,1,1,1,1,1,1,1,1,1,1,1,1,1,1,2,2,2,2,2,2,2,2,2,2,2,2,2,2,2,2,2,2,2,2,2,3,3,3,3,3,3,3,3,3,4,4,4,5,5,5,6,7,8,8,8,8,10,10,11,12,14,15,15,16,18,21,22,27,35,37,45,58,71,97,152,304,608,1216,2432,4864,9728
100,1,1,1,1,1,1,1,1,1,1,1,1,1,1,1,1,1,1,1,1,1,1,1,1,1,1,1,1,2,2,2,2,2,2,3,3,3,3,3,3,3,3,3,3,3,3,3,3,3,3,3,3,3,3,3,3,3,3,3,3,4,4,4,4,5,6,6,6,7,7,7,7,7,7,9,10,11,11,11,11,12,14,17,18,20,23,29,30,36,41,46,56,73,102,162,324,648,1296,2592,5184,10368
100,1,1,1,1,1,1,1,1,1,1,1,1,1,1,1,1,1,1,1,1,1,1,2,2,2,2,2,2,2,2,2,2,2,2,2,3,3,3,3,3,3,3,3,3,4,4,4,4,4,4,4,4,4,4,5,5,5,6,6,6,6,6,7,7,7,7,8,10,11,11,11,13,13,14,15,17,18,19,19,22,25,27,31,32,35,38,44,49,58,74,84,101,126,170,270,540,1080,2160,4320,8640,17280
100,1,1,1,1,1,1,1,1,1,1,1,1,1,1,1,1,1,1,1,1,1,1,1,1,1,1,1,1,1,1,1,1,1,1,1,1,1,1,1,1,1,1,1,1,1,2,2,2,2,2,2,2,2,2,2,2,3,3,3,3,3,4,4,4,4,4,4,5,6,6,6,6,6,6,6,6,7,7,9,10,10,11,12,13,18,20,22,24,30,36,41,47,60,82,131,262,524,1048,2096,4192,8384
100,1,1,1,1,1,1,1,1,1,1,1,1,1,1,1,1,1,1,1,1,1,1,1,1,1,1,1,1,1,1,2,2,2,2,2,2,2,2,2,2,2,3,3,3,3,3,3,4,4,4,4,4,4,4,4,4,4,4,4,4,4,4,4,4,4,4,5,5,5,5,5,6,7,7,7,7,7,8,10,10,13,13,14,15,17,19,21,23,27,34,41,51,62,82,131,262,524,1048,2096,4192,8384
100,1,1,1,1,1,1,1,1,1,1,1,1,1,1,1,1,1,1,1,1,1,1,1,1,1,1,1,1,1,1,1,1,2,2,2,2,2,2,2,3,3,3,3,3,3,3,3,3,3,4,4,4,4,4,4,4,4,4,4,4,4,4,4,4,5,5,6,6,6,6,6,6,7,7,8,9,9,9,10,13,14,15,16,19,20,22,27,29,30,32,39,55,69,90,145,290,580,1160,2320,4640,9280
100,1,1,1,1,1,1,1,1,1,1,1,1,1,1,1,1,1,1,1,1,1,1,1,1,2,2,2,2,2,2,2,2,2,2,2,2,2,2,2,2,2,2,2,2,2,2,2,2,2,2,2,2,2,2,3,3,3,3,3,3,3,3,4,4,4,4,4,4,4,5,6,7,7,7,7,7,8,8,8,10,10,11,14,15,16,20,20,22,29,36,41,47,61,86,135,270,540,1080,2160,4320,8640
100,1,1,1,1,1,1,1,1,1,1,1,1,1,1,1,1,1,1,1,1,1,1,1,1,2,2,2,2,2,2,2,2,2,2,2,2,2,2,2,2,2,2,2,2,2,2,2,3,3,3,3,3,3,3,3,3,3,3,3,3,3,4,4,5,6,6,6,7,7,7,8,8,9,10,10,11,12,13,15,17,18,18,24,24,26,28,32,36,41,51,59,74,97,127,194,388,776,1552,3104,6208,12416
100,1,1,1,1,1,1,1,1,1,1,1,1,1,1,1,1,1,1,1,1,2,2,2,2,2,2,2,2,2,2,2,2,2,2,2,2,2,3,3,3,3,3,3,3,3,3,3,4,5,5,5,5,5,5,6,6,6,6,6,7,8,9,9,9,9,10,11,12,12,12,12,14,15,15,17,17,18,20,21,23,24,25,30,37,40,41,46,54,63,74,88,104,137,178,290,580,1160,2320,4640,9280,18560
100,1,1,1,1,1,1,1,1,1,1,1,1,1,1,1,1,1,1,1,1,1,1,1,1,1,1,1,1,1,1,1,1,1,1,1,1,1,1,1,1,1,1,1,1,1,1,1,1,1,2,2,2,2,2,2,2,2,3,3,3,3,3,3,3,3,3,3,3,4,4,4,5,6,6,6,6,7,8,9,9,11,12,13,14,17,17,18,20,24,27,34,38,52,72,116,232,464,928,1856,3712,7424
100,1,1,1,1,1,1,1,1,1,1,1,1,1,1,1,1,1,1,1,1,1,1,1,2,2,2,2,2,2,2,2,2,2,2,2,2,2,2,2,2,2,2,2,2,2,3,3,3,3,3,4,4,4,4,4,5,5,5,5,5,5,5,5,5,5,6,6,6,6,7,7,7,8,9,9,9,11,12,14,15,15,16,16,18,24,27,31,35,39,50,57,66,92,119,183,366,732,1464,2928,5856,11712
100,1,1,1,1,1,1,1,1,1,1,1,1,1,1,1,1,1,1,1,1,2,2,2,2,2,2,2,2,2,2,2,2,2,3,3,3,3,3,3,3,3,3,3,3,3,4,4,4,4,4,4,4,4,4,4,4,4,5,5,5,5,5,6,7,7,7,7,7,8,8,9,10,10,12,12,13,16,17,18,21,23,23,23,29,34,37,40,46,56,64,72,93,118,159,249,498,996,1992,3984,7968,15936
100,1,1,1,1,1,1,1,1,1,1,1,1,1,1,1,1,1,1,1,1,1,1,2,2,2,2,2,2,2,2,2,2,2,2,2,2,2,2,2,2,2,2,2,2,2,2,3,3,4,4,4,4,4,4,4,4,4,5,5,6,6,6,6,6,6,7,7,7,7,7,8,8,9,9,10,12,12,13,15,18,19,21,23,25,28,33,37,41,49,59,69,78,105,137,222,444,888,1776,3552,7104,14208
100,1,1,1,1,1,1,1,1,1,1,1,1,1,1,1,1,1,1,1,1,1,1,1,1,1,2,2,2,2,2,2,2,2,2,2,2,2,3,3,3,3,3,3,3,3,3,3,3,3,3,4,4,4,4,4,4,4,4,5,5,5,5,5,5,6,7,7,8,9,9,10,10,11,11,11,13,14,14,15,18,21,21,23,25,29,32,36,41,45,57,64,84,103,146,226,452,904,1808,3616,7232,14464
100,1,1,1,1,1,1,1,1,1,1,1,1,1,1,1,1,1,1,1,1,1,1,1,1,1,1,2,2,2,2,2,2,2,2,2,2,2,2,2,2,2,2,2,2,2,2,2,3,3,3,3,4,5,5,5,5,5,5,5,5,5,5,6,6,6,6,7,7,8,8,8,9,10,12,12,12,14,14,14,19,19,22,22,25,29,32,35,40,47,57,69,80,100,141,227,454,908,1816,3632,7264,14528
100,1,1,1,1,1,1,1,1,1,1,1,1,1,1,1,1,1,1,1,1,1,1,1,1,1,1,1,1,1,1,1,1,1,1,1,1,1,1,1,1,1,1,2,2,2,2,2,2,2,2,2,2,2,3,3,3,3,4,4,4,4,4,4,4,4,4,4,4,4,4,6,6,6,6,7,7,7,7,8,12,12,14,15,17,19,19,22,27,31,33,39,52,64,85,139,278,556,1112,2224,4448,8896
100,1,1,1,1,1,1,1,1,1,1,1,1,1,1,1,1,1,1,1,1,1,1,1,1,1,1,1,1,1,1,1,2,2,2,2,2,2,2,2,2,2,2,2,2,2,2,2,2,3,3,3,3,3,3,3,3,4,4,4,4,4,5,5,5,5,5,6,6,6,7,7,7,8,9,10,10,11,12,12,14,18,19,20,24,24,24,30,33,37,45,57,69,87,115,183,366,732,1464,2928,5856,11712
100,1,1,1,1,1,1,1,1,1,1,1,1,2,2,2,2,2,2,2,2,2,2,2,3,3,3,3,3,3,3,3,3,3,3,4,4,4,4,4,4,4,4,4,4,4,4,4,4,5,6,6,6,6,6,8,9,9,9,9,9,10,10,10,10,10,11,11,12,12,13,14,17,17,17,18,19,22,25,26,28,34,35,38,43,48,54,60,68,74,91,103,127,165,219,347,694,1388,2776,5552,11104,22208
100,1,1,1,1,1,1,1,1,1,1,1,1,1,1,1,1,1,1,1,1,1,1,1,1,1,1,1,1,1,1,1,1,2,2,2,2,2,2,2,2,2,2,2,2,2,2,3,3,3,3,3,3,3,3,3,3,3,3,3,3,3,4,4,4,5,5,6,6,6,6,6,7,7,7,7,7,8,10,11,11,12,13,14,15,17,19,19,22,27,30,36,46,60,79,129,258,516,1032,2064,4128,8256
100,1,1,1,1,1,1,1,1,1,1,1,1,1,1,1,1,1,1,1,1,1,1,1,1,1,2,2,2,2,2,2,2,2,2,2,2,3,3,3,3,3,3,3,4,4,4,4,4,4,4,4,4,4,4,4,4,4,4,4,4,4,4,4,4,5,5,5,6,7,7,8,9,9,10,12,12,12,12,14,15,16,18,22,24,25,29,32,36,42,47,53,67,92,124,192,384,768,1536,3072,6144,12288
100,1,1,1,1,1,1,1,1,1,1,1,1,1,1,1,1,1,1,1,1,1,1,1,2,2,2,2,2,2,2,2,2,2,2,2,2,2,2,2,3,3,3,3,3,3,3,3,3,3,3,3,3,4,4,4,5,5,5,6,6,6,6,7,7,7,7,7,7,7,8,9,10,10,12,12,13,14,15,15,18,22,24,26,26,28,32,37,42,50,62,68,86,104,146,230,460,920,1840,3680,7360,14720
100,1,1,1,1,1,1,1,1,1,1,1,1,1,1,1,1,1,1,1,1,1,1,1,2,2,2,2,2,2,2,2,2,2,2,2,2,2,2,2,2,2,2,2,2,2,2,2,2,3,3,3,3,3,3,3,4,4,4,4,4,4,4,4,4,4,4,4,4,6,6,7,8,8,9,9,10,10,12,12,15,17,18,19,20,22,26,28,33,39,53,59,67,85,115,184,368,736,1472,2944,5888,11776
100,1,1,1,1,1,1,1,1,1,1,1,1,1,1,1,2,2,2,2,2,2,2,2,2,2,2,2,2,2,2,2,2,2,2,2,2,2,2,3,3,3,4,4,4,4,4,4,4,4,4,4,4,6,6,6,6,6,6,6,7,7,7,7,7,8,8,8,10,10,10,12,12,12,14,16,17,18,20,20,23,27,28,32,36,39,41,49,52,65,74,88,105,131,176,284,568,1136,2272,4544,9088,18176
100,1,1,1,1,1,1,1,1,1,1,1,1,1,1,1,1,1,1,1,1,1,1,1,1,1,1,1,1,1,2,2,3,3,3,3,3,3,3,3,3,3,3,3,3,3,3,4,4,4,4,5,5,6,6,6,6,6,6,6,6,6,6,7,7,7,8,9,9,9,9,10,10,13,13,14,14,15,15,17,20,20,21,23,24,29,34,37,41,49,61,76,85,108,143,230,460,920,1840,3680,7360,14720
100,1,1,1,1,1,1,1,1,1,1,1,1,1,1,1,1,1,1,1,1,1,1,1,1,1,1,1,1,1,1,1,1,1,1,1,1,1,1,1,1,1,2,2,2,2,2,2,2,2,2,2,2,2,2,2,2,2,2,2,3,3,3,5,5,5,5,5,6,7,7,7,7,7,7,7,7,8,9,11,11,12,14,14,15,18,19,19,25,28,32,39,48,62,83,133,266,532,1064,2128,4256,8512
100,1,1,1,1,1,1,1,1,1,1,1,1,1,1,1,1,1,1,1,1,1,1,2,2,2,2,2,2,2,2,2,2,2,2,2,2,2,2,2,2,2,2,3,3,3,4,4,4,4,4,4,4,4,4,4,4,4,4,4,4,4,4,4,5,5,7,7,8,8,8,10,10,10,11,12,12,12,12,13,15,18,20,21,23,25,28,31,39,40,48,67,75,93,124,194,388,776,1552,3104,6208,12416
100,1,1,1,1,1,1,1,1,1,1,1,1,1,1,1,1,1,1,1,1,1,1,1,1,1,1,1,1,1,1,1,1,1,2,2,2,2,2,2,2,2,2,2,2,2,2,2,2,2,2,2,2,2,2,3,3,4,4,4,4,4,4,5,5,5,5,5,6,6,6,6,7,7,8,8,9,10,11,12,15,15,17,17,18,21,23,26,30,36,41,49,58,77,106,168,336,672,1344,2688,5376,10752
100,1,1,1,1,1,1,1,1,1,1,1,1,1,1,1,1,1,1,1,1,1,1,1,1,1,1,1,1,1,1,1,1,1,1,2,2,2,2,2,2,2,2,2,2,2,2,2,3,3,3,3,3,3,3,3,3,3,3,4,4,4,4,5,5,5,5,5,5,6,6,6,7,8,8,8,8,9,9,10,13,15,15,15,17,19,21,25,27,33,39,46,55,75,101,156,312,624,1248,2496,4992,9984
100,1,1,1,1,1,1,1,1,1,1,1,1,1,1,1,1,1,1,1,1,1,1,1,1,1,2,2,2,2,3,3,3,3,3,3,3,3,3,3,3,3,3,4,4,4,4,4,4,4,4,4,4,4,4,4,5,6,6,6,6,6,6,6,6,8,9,11,11,11,11,12,12,12,13,14,17,18,18,19,20,23,27,27,28,31,36,43,50,53,61,74,91,120,161,256,512,1024,2048,4096,8192,16384
100,1,1,1,1,1,1,1,1,1,1,1,1,1,1,1,1,1,1,1,1,1,1,1,1,1,1,1,1,1,1,1,1,1,1,1,1,2,2,2,2,2,2,2,2,2,2,2,2,2,2,2,2,2,2,2,2,3,3,3,3,3,3,3,3,5,5,5,5,5,5,5,6,7,7,7,10,10,10,10,13,14,15,15,17,20,22,24,27,32,36,48,57,72,93,146,292,584,1168,2336,4672,9344
100,1,1,1,1,1,1,1,1,1,1,1,1,1,1,1,1,1,1,1,1,1,1,1,1,1,1,1,1,1,1,1,2,2,2,2,2,2,2,3,3,3,3,3,3,3,3,3,3,3,3,3,3,3,3,4,4,6,6,6,6,6,6,7,7,7,8,8,8,9,9,9,9,12,12,14,15,15,17,17,19,22,25,25,29,33,34,37,45,47,62,75,89,118,150,235,470,940,1880,3760,7520,15040
100,1,1,1,1,1,1,1,1,1,1,1,1,1,1,1,1,1,1,1,1,1,1,1,1,1,1,1,1,1,1,1,1,1,1,1,1,1,1,1,1,1,2,2,2,2,2,2,3,3,3,3,3,3,3,3,3,3,3,3,3,3,4,4,4,4,4,4,6,6,6,8,8,8,9,9,9,10,11,12,12,14,17,17,21,23,24,27,30,35,42,51,61,79,110,174,348,696,1392,2784,5568,11136
100,1,1,1,1,1,1,1,1,1,1,1,1,1,1,1,1,1,1,1,1,1,1,1,1,1,1,1,2,2,2,2,2,2,2,2,2,2,2,2,2,2,2,2,2,2,3,3,3,3,3,3,3,4,4,4,4,4,4,4,4,4,4,4,4,5,6,6,7,7,7,8,10,11,11,11,11,13,16,16,17,18,20,22,24,27,29,35,39,45,52,59,71,93,131,203,406,812,1624,3248,6496,12992
100,1,1,1,1,1,1,1,1,1,1,1,1,1,1,1,1,1,1,1,1,1,1,1,1,1,1,1,1,1,1,1,1,1,1,1,1,1,1,1,1,1,1,1,1,1,1,1,2,2,2,2,2,2,2,2,2,2,2,2,2,2,2,3,3,3,4,4,4,4,5,5,5,7,8,8,8,9,9,11,11,11,13,14,15,19,19,21,24,30,35,39,45,60,80,129,258,516,1032,2064,4128,8256
100,1,1,1,1,1,1,1,1,1,1,1,1,1,1,1,1,1,1,1,1,1,1,1,2,2,2,2,2,2,2,2,2,2,2,2,2,2,2,2,2,2,2,2,2,3,3,4,4,4,4,4,4,4,4,5,5,5,5,5,5,7,7,7,7,7,7,7,7,7,8,8,9,11,12,12,12,12,15,15,18,19,20,21,23,27,34,36,41,46,54,68,81,105,137,222,444,888,1776,3552,7104,14208
100,1,1,1,1,1,1,1,1,1,1,1,1,1,1,1,1,1,1,1,1,1,1,1,1,1,1,1,2,2,2,2,2,2,2,2,2,2,2,2,2,2,2,2,2,2,3,3,3,3,3,3,3,3,3,3,3,4,4,4,4,4,5,5,6,7,7,7,7,7,8,10,11,11,11,11,11,12,12,15,18,19,19,21,24,28,29,30,35,43,51,57,73,92,129,202,404,808,1616,3232,6464,12928
100,1,1,1,1,1,1,1,1,1,1,1,1,1,1,1,1,1,1,1,1,1,1,1,1,2,2,2,2,2,2,2,2,2,2,2,3,3,3,3,3,3,3,3,3,3,3,3,3,3,3,4,4,4,4,4,5,5,5,6,6,6,6,6,8,8,9,9,9,10,10,10,10,11,11,12,14,15,17,18,20,21,23,28,33,35,37,40,49,55,63,73,90,123,165,257,514,1028,2056,4112,8224,16448
100,1,1,1,1,1,1,1,1,1,1,1,1,2,2,2,2,2,3,3,3,3,3,3,3,3,3,3,3,3,3,3,3,3,3,3,3,3,3,4,4,4,4,4,5,5,5,5,5,5,5,5,5,5,5,5,5,5,5,7,7,8,9,9,9,9,10,10,10,11,12,12,12,12,13,16,18,21,22,24,24,26,30,32,32,39,45,50,60,68,83,95,115,144,199,321,642,1284,2568,5136,10272,20544
100,1,1,1,1,1,1,1,1,1,1,1,1,1,1,1,1,1,1,1,1,1,1,1,1,1,1,1,1,1,1,1,1,1,1,2,2,2,2,2,2,2,2,2,2,2,2,2,2,2,2,2,2,2,2,2,3,3,3,3,3,3,3,4,4,4,4,5,5,5,6,6,6,7,7,7,10,10,10,10,10,11,12,15,16,17,18,19,23,28,31,38,45,59,78,124,248,496,992,1984,3968,7936
100,1,1,1,1,1,1,1,1,1,1,1,1,1,1,1,1,1,1,1,1,1,1,1,1,1,1,2,2,2,2,2,2,2,3,3,3,3,3,3,3,3,3,3,3,3,3,3,3,3,4,4,4,4,5,5,5,5,6,6,6,7,8,8,8,8,9,9,9,9,10,11,13,14,14,14,15,17,17,19,23,23,27,28,32,34,37,43,47,55,69,77,93,118,163,256,512,1024,2048,4096,8192,16384
100,1,1,1,1,1,1,1,1,1,1,1,1,1,1,1,1,1,1,1,1,1,1,1,1,1,1,1,1,1,1,1,1,1,1,2,2,2,2,2,2,2,2,2,2,2,2,2,2,2,2,2,3,3,3,3,3,3,4,5,5,5,5,5,6,6,6,6,6,6,6,6,6,6,6,8,9,9,12,12,12,14,14,17,17,21,22,25,31,37,41,47,57,72,98,155,310,620,1240,2480,4960,9920
100,1,1,1,1,1,1,1,1,1,1,1,1,1,1,1,1,1,1,1,1,1,1,1,1,1,1,1,1,1,1,1,1,1,1,2,2,2,2,2,2,2,2,2,2,2,3,3,3,4,4,4,4,4,4,4,5,5,5,5,5,5,5,5,6,6,7,7,7,7,7,8,8,9,10,11,11,12,13,14,14,16,17,19,22,23,30,33,35,40,46,53,65,82,112,180,360,720,1440,2880,5760,11520
100,1,1,1,1,1,1,1,1,1,1,1,1,1,1,1,1,1,1,1,1,1,1,1,1,1,1,1,1,1,1,1,1,1,1,1,2,2,2,2,2,2,2,2,2,2,2,2,2,2,2,2,2,2,2,2,2,2,2,4,4,4,4,4,4,4,4,4,4,4,5,6,6,7,8,8,9,9,11,12,13,13,14,14,16,18,21,24,29,33,39,47,56,71,95,147,294,588,1176,2352,4704,9408
100,1,1,1,1,1,1,1,1,1,1,1,1,1,1,1,1,1,1,1,1,1,1,1,1,1,2,2,2,2,2,2,2,2,2,2,2,2,2,2,2,3,3,3,3,3,3,3,3,4,4,4,4,4,4,4,4,4,5,5,5,6,6,6,6,6,7,8,8,8,9,9,10,10,11,12,14,15,15,15,19,20,23,24,25,27,29,35,40,50,54,67,84,113,149,229,458,916,1832,3664,7328,14656
100,1,1,1,1,1,1,1,1,1,1,2,2,2,2,2,2,2,2,2,2,2,2,3,3,3,3,3,3,3,3,3,3,3,3,3,3,3,3,3,3,3,3,3,3,3,3,3,3,4,4,4,4,4,4,4,4,4,4,4,5,6,6,6,6,6,8,8,9,10,10,10,10,11,12,12,13,14,19,19,19,20,21,23,28,30,33,41,44,48,65,74,85,109,152,240,480,960,1920,3840,7680,15360
100,1,1,1,1,1,1,1,1,1,1,1,1,1,1,1,1,1,1,1,1,1,1,1,1,1,1,1,1,2,2,2,2,2,2,2,2,2,2,2,2,3,3,3,3,3,3,3,3,3,3,3,3,3,4,4,4,4,5,5,5,5,6,7,7,7,7,7,9,9,9,9,9,11,12,14,14,17,19,21,22,24,25,28,32,36,40,43,46,53,64,77,95,118,152,251,502,1004,2008,4016,8032,16064
100,1,1,1,1,1,1,1,1,1,1,1,1,1,1,1,1,1,1,1,1,1,1,1,1,1,1,1,1,1,1,1,1,1,2,2,2,2,2,2,2,2,2,2,2,2,3,3,3,3,3,3,3,3,3,3,3,3,3,3,3,4,4,5,5,5,5,6,6,7,8,8,8,8,8,10,10,12,13,14,14,14,15,16,20,23,24,29,31,36,40,47,61,71,95,158,316,632,1264,2528,5056,10112
100,1,1,1,1,1,1,1,1,1,1,1,1,1,1,1,1,1,1,1,2,2,2,2,2,2,2,2,2,2,2,2,2,2,2,2,2,3,3,3,3,3,3,3,3,3,3,3,3,3,3,3,3,3,3,4,4,4,4,5,5,5,5,5,5,5,6,6,6,7,7,7,9,10,10,10,11,11,13,13,14,17,20,20,23,24,26,31,34,38,47,56,71,84,118,184,368,736,1472,2944,5888,11776
100,1,1,1,1,1,1,1,1,1,1,1,1,1,1,1,1,1,1,1,1,1,1,1,1,1,1,1,1,1,1,1,1,1,2,2,2,2,2,2,2,2,2,2,2,2,2,2,2,2,2,2,2,3,3,3,3,3,3,3,3,3,3,3,4,4,4,4,4,4,5,5,6,6,7,7,8,8,8,9,10,11,12,12,13,15,18,21,22,26,31,35,41,55,72,117,234,468,936,1872,3744,7488
100,1,1,1,1,1,1,1,1,1,1,1,1,1,1,1,1,1,1,1,1,1,1,1,1,1,1,1,1,1,1,1,1,1,1,1,1,1,1,1,1,1,1,1,2,2,2,2,2,2,2,2,2,2,2,2,2,2,3,3,3,3,3,3,3,4,4,4,4,4,5,5,5,5,6,6,6,7,8,8,9,9,10,10,10,12,13,17,21,22,26,32,38,46,64,105,210,420,840,1680,3360,6720
100,1,1,1,1,1,1,1,1,1,1,1,1,1,1,1,1,1,1,1,1,1,2,2,2,2,2,2,2,2,2,2,2,2,2,2,2,2,2,2,2,2,2,2,3,3,3,4,4,4,4,4,5,5,5,5,5,5,5,6,6,6,6,8,8,8,8,8,9,9,10,10,13,14,15,16,17,18,18,18,21,21,25,28,33,36,39,46,54,59,70,85,99,121,169,268,536,1072,2144,4288,8576,17152
100,1,1,1,1,1,1,1,1,1,1,1,1,1,1,1,1,1,1,1,1,1,1,1,1,1,1,1,1,2,2,2,2,2,3,3,3,3,3,3,3,3,3,3,3,3,3,3,3,3,4,4,4,4,4,5,5,5,5,5,5,6,7,7,7,7,7,7,7,7,8,8,9,9,11,12,12,14,16,17,18,18,19,21,24,30,31,35,42,43,49,57,73,91,132,204,408,816,1632,3264,6528,13056
100,1,1,1,1,1,1,1,1,1,1,1,1,1,1,1,1,1,1,1,1,1,1,1,1,1,1,1,1,1,1,1,1,1,1,2,2,2,2,2,2,3,3,3,3,3,3,3,3,3,3,3,3,3,3,3,3,3,3,4,4,5,5,5,5,5,6,6,6,7,8,9,11,11,11,11,11,12,13,14,16,18,21,22,23,25,28,32,39,44,50,59,68,93,125,194,388,776,1552,3104,6208,12416
100,1,1,1,1,1,1,1,1,1,1,1,1,1,1,1,1,1,1,1,1,1,1,1,1,1,1,1,1,1,1,2,2,2,2,2,2,2,2,2,2,2,2,2,2,3,3,3,3,3,3,4,4,4,4,4,4,4,5,5,5,5,5,5,5,5,9,9,9,9,9,9,10,11,12,12,13,14,15,16,17,21,21,22,25,29,31,37,43,49,58,67,76,101,137,218,436,872,1744,3488,6976,13952
100,1,1,1,1,1,1,1,1,1,1,1,1,1,1,1,1,1,1,1,1,1,1,1,1,1,1,1,1,1,1,1,1,1,1,2,2,2,2,2,2,2,2,2,2,3,3,3,3,3,3,3,3,3,3,3,3,3,3,3,3,5,5,5,6,6,6,6,6,6,7,7,7,8,9,11,12,13,13,16,16,18,18,21,25,25,27,34,39,43,48,60,78,95,127,201,402,804,1608,3216,6432,12864
100,1,1,1,1,1,1,1,1,1,1,1,1,1,1,1,1,1,1,1,1,1,1,1,1,1,1,1,1,1,1,1,1,1,1,1,1,1,1,1,1,1,1,1,1,1,1,2,2,2,2,2,2,2,2,2,2,2,2,2,2,2,2,2,2,3,3,3,3,4,5,5,5,5,5,5,5,6,6,7,8,8,8,9,11,13,15,15,17,20,26,29,37,43,61,95,190,380,760,1520,3040,6080
100,1,1,1,1,1,1,1,1,1,1,1,1,1,1,1,1,1,1,1,1,1,1,1,1,1,1,1,1,1,1,2,2,2,2,2,2,2,2,2,2,2,2,2,2,3,3,3,3,3,3,3,3,3,3,3,3,4,4,4,4,4,4,4,4,5,5,6,6,6,6,6,7,7,8,9,9,11,11,12,16,16,19,20,21,21,24,29,32,37,40,49,60,79,104,169,338,676,1352,2704,5408,10816
100,1,1,1,1,1,1,1,1,1,1,1,1,1,1,1,1,1,1,1,1,1,1,1,1,1,1,2,2,2,2,2,2,2,2,2,2,2,3,3,3,3,3,3,3,4,4,4,4,4,4,4,4,4,4,4,4,4,5,5,6,6,6,6,6,6,6,7,8,8,9,9,10,10,10,10,13,14,16,17,17,21,22,22,27,31,33,41,45,53,63,75,91,111,148,237,474,948,1896,3792,7584,15168
100,1,1,1,1,1,1,1,1,1,1,1,1,1,1,1,1,1,1,1,1,1,1,1,1,1,1,1,1,1,1,1,1,1,1,1,1,1,1,1,1,1,1,1,1,1,2,2,2,2,2,2,2,2,2,3,3,3,3,3,3,3,3,4,4,4,4,4,4,4,5,6,7,7,7,7,8,8,10,10,11,13,14,15,15,19,21,22,27,32,38,45,53,67,92,143,286,572,1144,2288,4576,9152
100,1,1,1,1,1,1,1,1,1,1,1,1,1,1,1,1,1,1,1,1,1,1,1,1,1,1,1,1,1,2,2,2,2,2,2,2,2,2,2,2,2,3,3,3,3,3,3,3,3,3,3,3,3,3,3,3,3,3,3,4,4,6,6,6,6,6,6,6,6,7,8,8,8,10,11,13,13,13,13,14,17,17,17,20,26,27,27,34,37,43,55,66,87,115,175,350,700,1400,2800,5600,11200
100,1,1,1,1,1,1,1,1,1,1,1,1,1,1,1,1,1,1,1,1,1,1,1,1,1,1,1,1,1,1,1,1,1,1,1,1,1,1,1,1,1,1,2,2,2,2,2,2,2,2,2,2,3,3,3,3,3,3,4,4,4,4,5,5,5,6,6,6,6,6,7,8,8,8,9,9,9,9,9,13,14,15,17,18,21,24,27,29,32,40,48,56,75,98,156,312,624,1248,2496,4992,9984
100,1,1,1,1,1,1,1,1,1,1,1,1,1,1,1,1,1,1,1,1,2,2,2,2,2,2,2,2,2,2,2,2,2,3,3,3,3,3,3,3,3,3,3,3,3,3,3,3,3,3,3,3,3,4,4,5,5,5,5,5,7,7,7,7,7,7,7,7,8,9,9,9,9,11,12,12,13,13,17,20,20,21,22,26,27,30,41,45,50,64,74,88,110,150,236,472,944,1888,3776,7552,15104
100,1,1,1,1,1,1,1,1,1,1,1,1,1,1,1,1,1,1,1,1,1,1,1,1,1,2,2,2,2,2,2,2,2,2,2,2,2,3,3,3,3,3,3,3,4,4,4,4,4,4,4,4,5,5,5,5,6,7,7,7,7,7,7,7,7,9,9,9,9,11,11,13,13,14,16,17,18,19,20,22,24,25,27,32,33,36,45,48,59,66,76,89,113,157,251,502,1004,2008,4016,8032,16064
100,1,1,1,1,1,1,1,1,1,1,1,1,1,1,1,1,1,1,2,2,2,2,2,2,2,2,2,2,2,2,2,2,2,2,2,2,2,2,2,3,3,3,3,3,4,4,4,4,4,4,4,4,5,5,6,6,6,6,6,6,7,7,10,10,10,10,10,11,12,12,12,12,13,14,17,18,19,23,23,23,29,31,33,35,40,44,51,60,72,80,99,116,149,203,312,624,1248,2496,4992,9984,19968
100,1,1,1,1,1,1,1,1,1,1,1,1,1,1,1,1,1,1,1,1,1,1,1,1,2,2,2,2,2,2,2,2,2,2,2,2,2,2,2,2,2,2,2,2,2,2,2,3,3,3,3,3,3,3,3,3,3,3,3,3,4,4,4,4,4,4,4,5,7,7,7,7,7,8,8,9,10,11,12,14,15,17,18,22,22,24,27,32,33,42,53,64,81,109,167,334,668,1336,2672,5344,10688
100,1,1,1,1,1,1,1,1,1,1,1,1,1,1,1,1,1,1,1,1,1,1,1,1,1,1,1,1,1,1,1,1,1,1,1,1,1,1,1,1,1,1,1,1,2,2,2,2,2,2,2,2,3,3,3,3,3,3,3,3,3,4,4,4,4,4,4,5,5,5,6,6,6,7,7,8,9,9,10,10,11,14,17,17,19,20,23,28,30,37,43,51,64,84,134,268,536,1072,2144,4288,8576
100,1,1,1,1,1,1,1,1,1,1,1,1,1,1,1,1,1,1,1,1,1,1,1,1,1,1,1,2,2,2,2,2,2,2,2,2,2,2,2,2,2,2,2,2,2,2,2,2,2,2,3,4,4,4,5,5,5,6,6,6,6,6,6,7,7,7,7,8,8,8,8,8,9,10,11,12,14,16,19,19,20,21,21,26,29,31,36,41,47,54,63,77,99,134,215,430,860,1720,3440,6880,13760
100,1,1,1,1,1,1,1,1,1,1,1,1,1,1,1,1,1,1,1,1,1,1,1,1,1,1,1,1,1,1,1,1,2,2,2,2,2,2,2,2,2,2,2,2,2,2,2,2,3,3,3,3,3,3,3,4,4,4,4,4,5,5,5,5,6,6,6,6,7,8,8,8,8,9,10,11,12,12,13,15,17,17,19,21,22,28,28,34,39,44,54,65,81,106,172,344,688,1376,2752,5504,11008
100,1,1,1,1,1,1,1,1,1,1,1,1,1,2,2,2,2,2,2,2,2,2,2,2,2,2,2,2,2,2,2,2,2,2,3,3,3,3,3,3,3,3,4,4,4,4,4,4,5,5,6,6,6,6,6,6,7,7,7,7,7,7,7,10,11,11,11,11,12,12,12,13,14,15,15,16,20,22,24,26,29,33,33,38,42,46,51,58,74,80,98,121,151,204,321,642,1284,2568,5136,10272,20544
100,1,1,1,1,1,1,1,1,1,1,1,1,1,1,1,1,1,1,1,1,1,1,1,1,1,1,1,1,1,1,1,1,1,1,1,1,1,1,1,1,2,2,2,2,2,2,2,2,2,2,2,2,2,2,2,2,2,2,2,2,2,2,2,2,3,3,3,4,4,4,4,4,5,5,5,5,6,6,7,8,8,9,11,11,13,16,16,16,18,21,26,35,42,59,92,184,368,736,1472,2944,5888
100,1,1,1,1,1,1,1,1,1,1,1,1,1,1,1,1,1,1,1,1,1,1,1,1,1,1,1,2,2,2,2,2,2,2,2,2,2,2,2,2,2,2,2,2,3,3,3,3,3,3,3,3,3,3,3,3,3,3,3,5,5,5,5,6,6,7,7,7,7,7,8,8,9,10,11,12,13,13,13,13,17,18,22,24,27,29,31,35,45,52,57,72,89,123,198,396,792,1584,3168,6336,12672
100,1,1,1,1,1,1,1,1,1,1,1,1,1,1,1,1,1,1,1,1,1,1,1,1,1,1,1,1,1,1,1,1,1,1,1,1,1,1,1,1,2,2,2,2,2,2,2,2,2,3,3,3,3,3,3,3,3,3,3,3,3,3,3,4,4,4,5,5,5,6,6,6,8,9,9,10,11,11,12,12,14,17,18,20,23,24,28,34,38,44,54,62,83,107,165,330,660,1320,2640,5280,10560
100,1,1,1,1,1,1,1,1,1,1,1,1,1,1,1,1,1,1,1,1,1,1,1,1,2,2,2,2,2,2,2,2,2,2,2,2,2,2,2,2,2,2,2,3,3,3,3,3,3,3,3,3,3,3,3,3,3,3,4,4,4,5,5,6,6,6,7,8,8,9,9,9,10,11,12,13,14,15,17,17,17,17,22,24,26,30,32,36,42,48,61,77,94,122,192,384,768,1536,3072,6144,12288
100,1,1,1,1,1,1,1,1,1,1,1,1,1,1,1,1,1,1,1,1,1,1,1,1,1,1,1,1,1,1,1,1,1,1,1,1,1,1,1,1,1,1,2,2,2,2,2,2,2,2,2,2,2,2,2,2,2,2,2,2,2,2,3,3,3,3,3,4,4,4,4,4,4,4,4,6,7,7,7,8,8,8,10,11,14,15,16,19,21,26,28,34,49,64,98,196,392,784,1568,3136,6272
100,1,1,1,1,1,1,1,1,1,1,1,1,1,1,1,1,1,2,2,2,2,2,2,2,2,2,2,2,2,2,2,2,2,2,2,3,3,3,3,3,3,4,4,4,4,4,4,4,4,4,4,4,4,4,4,4,4,4,4,5,5,5,5,6,6,6,6,9,11,11,12,12,12,12,13,14,15,16,16,16,17,21,21,25,26,31,35,41,45,56,66,76,95,133,215,430,860,1720,3440,6880,13760
100,1,1,1,1,1,1,1,1,1,1,1,1,1,1,1,1,1,1,1,1,1,1,1,1,1,1,1,1,1,1,1,1,1,1,1,1,1,1,1,2,2,2,2,2,2,2,2,2,2,2,2,2,3,3,3,3,3,4,4,4,4,4,5,5,5,5,6,6,7,8,8,8,9,9,10,11,12,12,13,13,14,17,19,22,23,25,30,37,42,48,59,71,90,118,184,368,736,1472,2944,5888,11776
100,1,1,1,1,1,1,1,1,1,1,1,1,1,1,1,1,1,1,1,1,1,1,2,2,2,2,2,2,2,2,2,2,2,2,2,2,2,2,2,2,2,2,2,2,2,2,2,2,2,2,3,3,3,3,3,3,3,4,4,4,4,4,4,4,5,5,5,5,5,7,8,9,9,9,9,10,11,11,12,14,15,18,18,18,22,24,28,31,34,37,43,57,70,97,158,316,632,1264,2528,5056,10112
100,1,1,1,1,1,1,1,1,1,1,1,1,1,1,1,1,1,1,1,1,1,1,1,1,1,1,1,1,1,1,1,1,1,1,1,1,1,1,1,1,1,1,1,1,1,1,1,1,2,2,2,2,2,2,2,3,3,3,3,3,3,3,3,3,3,3,4,4,5,5,5,5,5,5,5,5,7,8,10,10,11,14,14,15,15,18,19,24,28,37,40,47,58,82,129,258,516,1032,2064,4128,8256
100,1,1,1,1,1,1,1,1,1,1,1,1,1,1,1,1,1,1,1,1,1,1,1,1,2,2,2,2,2,2,2,2,2,2,2,2,2,2,2,2,2,2,2,3,3,3,3,3,3,3,4,4,4,4,4,5,5,5,5,5,5,5,6,6,6,6,8,8,8,8,8,11,11,12,12,13,16,17,18,19,19,23,24,28,30,34,40,46,54,62,72,89,120,153,243,486,972,1944,3888,7776,15552
100,1,1,1,1,1,1,1,1,1,1,1,1,1,1,1,1,1,1,1,1,1,1,1,1,2,2,2,2,2,2,2,2,2,2,2,2,2,2,2,2,2,2,2,2,2,2,2,2,2,2,2,2,2,2,2,4,4,4,4,4,5,5,5,6,6,6,6,6,6,6,6,7,7,8,9,9,9,10,11,12,14,14,15,16,18,22,26,27,34,37,43,56,71,99,157,314,628,1256,2512,5024,10048
100,1,1,1,1,1,1,1,1,1,1,1,1,1,1,1,1,1,1,1,1,1,1,1,1,1,2,2,2,2,2,2,2,2,2,2,3,3,3,3,3,3,3,3,3,3,3,4,4,4,4,4,4,5,5,5,5,5,5,5,5,5,5,6,6,7,7,7,7,7,7,9,9,9,11,11,11,14,15,16,16,18,21,23,26,28,31,35,40,47,57,62,76,101,132,211,422,844,1688,3376,6752,13504
100,1,1,1,1,1,1,1,1,1,1,1,1,1,1,1,1,1,1,1,1,1,1,1,1,1,1,1,1,1,1,1,1,1,1,1,1,1,1,1,1,1,1,1,1,2,2,2,2,2,2,2,2,2,2,3,3,3,4,4,4,4,4,4,4,4,4,4,4,4,6,6,6,6,6,6,7,8,8,8,11,12,13,13,13,15,19,20,21,25,33,39,48,58,80,126,252,504,1008,2016,4032,8064
100,1,1,1,1,1,1,1,1,1,1,1,1,1,1,1,1,1,1,1,1,1,1,1,1,1,2,2,2,2,2,2,2,2,2,2,2,2,2,2,2,2,2,2,2,2,2,2,2,3,3,3,3,4,4,4,4,4,4,4,5,5,5,6,6,7,7,8,8,8,8,8,10,11,11,11,13,14,14,16,19,22,24,24,29,31,34,39,45,50,58,69,83,108,147,229,458,916,1832,3664,7328,14656
100,1,1,1,1,1,1,1,1,1,1,1,1,1,1,1,1,1,1,1,1,1,1,1,1,1,1,1,1,1,1,1,1,1,1,1,1,1,2,2,2,2,2,2,2,2,2,2,2,2,2,2,3,3,3,3,3,3,3,3,3,3,3,4,4,4,4,4,4,6,6,7,7,7,8,8,8,9,11,13,15,15,17,20,21,22,24,28,32,33,40,48,53,77,102,158,316,632,1264,2528,5056,10112
100,1,1,1,1,1,1,1,1,1,1,1,1,1,1,1,2,2,2,2,2,2,2,3,3,3,3,3,3,3,3,3,3,3,3,3,3,3,3,3,3,4,4,4,4,4,5,5,5,5,5,5,5,5,5,5,5,6,7,7,8,8,8,8,8,8,8,8,10,10,13,13,14,15,16,17,17,19,20,22,22,27,27,30,33,38,44,52,58,66,79,96,113,146,193,301,602,1204,2408,4816,9632,19264
100,1,1,1,1,1,1,1,1,1,1,1,1,1,1,1,1,1,1,1,1,1,1,1,1,1,1,2,2,2,2,2,2,2,2,3,3,3,3,3,3,3,3,4,4,4,4,4,4,4,5,5,5,5,5,5,5,5,5,5,6,6,6,6,6,7,7,8,8,8,8,10,10,11,14,14,14,17,17,19,19,22,24,28,31,32,34,41,46,50,58,67,85,116,153,242,484,968,1936,3872,7744,15488
100,1,1,1,1,1,1,1,1,1,1,1,1,1,1,1,1,1,1,1,1,1,1,1,1,1,1,1,1,1,1,1,1,1,1,1,1,1,1,1,1,1,1,2,2,2,2,2,2,2,2,2,2,2,2,2,3,3,3,3,3,3,3,3,3,3,3,4,4,4,4,5,5,5,6,6,7,7,7,8,8,10,12,12,13,14,18,20,20,23,29,38,45,52,72,118,236,472,944,1888,3776,7552
100,1,1,1,1,1,1,1,1,1,1,1,1,1,1,1,1,1,1,1,1,1,1,1,1,1,1,1,2,2,2,2,2,2,2,2,2,2,2,2,2,2,2,3,3,3,3,3,3,3,3,3,3,3,3,3,3,3,4,4,4,5,5,5,6,6,6,6,6,6,6,9,9,9,9,9,10,11,12,14,16,16,20,20,20,23,27,30,35,40,44,57,72,89,120,184,368,736,1472,2944,5888,11776
100,1,1,1,1,1,1,1,1,1,1,1,1,1,1,1,2,2,2,2,2,2,2,2,2,2,2,2,2,2,2,2,2,2,2,2,3,3,3,3,3,3,3,3,4,4,4,4,4,4,4,4,4,4,4,4,4,4,5,5,6,6,6,7,8,8,8,8,8,10,10,11,11,12,12,12,14,15,17,20,20,23,25,27,30,31,36,40,47,54,62,72,89,114,156,252,504,1008,2016,4032,8064,16128
100,1,1,1,1,1,1,1,1,1,1,1,1,1,1,1,1,1,1,1,1,1,1,1,1,1,1,2,2,2,2,2,2,2,2,2,2,3,3,3,3,3,3,3,3,3,3,3,3,3,3,3,3,3,3,3,3,3,4,4,4,5,5,5,5,5,6,6,6,6,7,8,8,9,9,11,12,12,13,13,13,14,19,21,23,24,28,31,35,41,49,59,71,90,123,195,390,780,1560,3120,6240,12480
100,1,1,1,1,1,1,1,1,1,1,1,1,1,1,1,1,1,1,1,1,1,1,1,1,1,1,1,1,1,1,1,1,1,1,1,1,1,1,1,1,1,1,1,2,2,2,2,2,2,2,2,2,2,2,2,2,2,3,3,3,3,3,3,4,4,4,4,4,4,4,4,4,5,6,7,7,7,8,9,10,10,13,13,14,16,20,22,24,28,33,36,47,57,75,120,240,480,960,1920,3840,7680
100,1,1,1,1,1,1,1,1,1,1,1,1,1,1,1,1,1,1,1,1,1,1,1,1,1,1,1,1,1,1,2,2,2,2,2,2,2,2,3,3,3,3,3,3,3,3,3,3,3,4,4,4,4,4,4,5,5,5,5,6,6,7,8,8,8,8,8,9,10,10,10,11,11,12,12,14,15,16,19,19,22,22,24,29,33,38,40,46,59,64,73,95,120,154,243,486,972,1944,3888,7776,15552
100,1,1,1,1,1,1,1,1,1,1,1,1,1,1,1,1,1,1,1,1,2,2,2,2,2,2,2,2,2,2,2,2,2,2,2,2,2,3,3,3,3,3,3,3,3,3,4,4,5,5,5,5,6,6,6,6,6,6,7,7,7,7,7,7,7,8,9,10,10,10,11,12,12,12,14,17,17,17,19,21,23,24,26,29,31,37,41,46,53,64,74,93,114,153,247,494,988,1976,3952,7904,15808
100,1,1,1,1,1,1,1,1,1,1,1,1,1,1,1,1,1,1,1,1,1,1,1,1,1,2,2,2,2,2,2,2,2,2,2,2,2,2,2,2,2,2,2,2,2,3,3,3,3,4,4,4,4,4,4,4,4,4,4,4,4,4,4,4,6,6,6,6,8,8,9,10,10,11,11,12,13,14,15,15,19,19,22,22,27,29,31,34,40,49,60,68,90,122,192,384,768,1536,3072,6144,12288
100,1,1,1,1,1,1,1,1,1,1,1,1,1,1,1,1,1,1,1,1,1,1,1,2,2,2,3,3,3,3,3,3,3,3,3,3,3,3,3,3,3,3,3,3,3,3,3,3,3,3,3,3,4,5,5,5,5,5,5,5,6,6,6,6,6,6,7,7,8,8,9,10,10,12,12,13,13,13,13,14,19,21,21,24,27,32,35,39,41,51,62,76,94,124,199,398,796,1592,3184,6368,12736
100,1,1,1,1,1,1,1,1,1,1,1,1,1,1,1,1,1,1,1,1,2,2,2,2,2,2,3,3,3,3,3,3,3,3,3,3,3,3,3,3,3,3,3,3,3,4,4,4,4,4,4,5,5,5,5,5,5,6,6,6,7,8,8,8,8,8,10,11,11,12,12,12,14,16,16,16,17,21,22,23,24,27,30,32,37,44,47,54,60,71,88,97,130,181,280,560,1120,2240,4480,8960,17920
100,1,1,1,1,1,1,1,1,1,1,1,1,1,1,1,1,1,1,1,1,1,1,2,2,2,2,2,2,2,2,2,2,2,2,2,2,2,2,3,3,3,3,3,3,3,3,3,3,4,4,4,5,5,5,5,5,5,5,5,5,6,6,6,6,8,10,10,10,10,10,10,11,12,13,14,14,16,17,18,20,22,25,27,32,37,37,41,46,55,66,76,95,127,166,261,522,1044,2088,4176,8352,16704
100,1,1,1,1,1,1,1,1,1,1,1,1,1,1,1,1,1,1,1,1,1,1,1,1,1,1,1,1,1,1,1,1,1,1,1,1,1,1,1,1,1,1,2,2,2,2,2,2,2,2,2,2,3,3,3,3,3,3,4,4,4,4,4,4,4,5,5,5,5,6,6,6,7,7,7,8,9,10,10,12,12,16,16,16,17,19,23,27,29,32,43,49,60,86,135,270,540,1080,2160,4320,8640
100,1,1,1,1,1,1,1,1,1,1,1,1,1,1,1,1,1,1,1,1,1,1,1,1,1,1,1,1,1,1,1,1,1,1,2,2,2,2,2,2,2,2,2,2,2,2,2,3,3,3,3,3,3,3,3,3,3,4,4,4,4,5,5,6,6,6,6,7,8,9,9,9,9,11,11,11,12,13,17,18,18,21,21,24,28,32,35,38,46,50,60,73,91,122,194,388,776,1552,3104,6208,12416
100,1,1,1,1,1,1,1,1,1,1,1,1,1,1,1,1,1,1,1,1,1,1,1,1,1,1,1,1,2,2,2,2,2,2,2,2,2,2,2,2,2,2,3,3,3,3,3,3,3,3,3,3,3,3,4,4,5,5,5,5,5,5,5,5,8,8,8,8,10,10,10,10,11,12,14,14,14,15,15,17,18,20,21,23,27,31,34,38,41,53,61,74,92,132,205,410,820,1640,3280,6560,13120
100,1,1,1,1,1,1,1,1,1,1,1,1,1,1,1,1,1,1,1,1,1,1,1,1,2,2,2,2,2,2,2,2,2,2,2,2,2,2,2,2,2,2,2,2,2,2,2,2,2,3,3,3,3,3,3,3,3,3,4,4,4,4,5,5,5,5,6,6,6,7,8,8,8,8,9,10,11,12,12,14,16,19,21,23,23,28,33,36,39,46,55,65,78,115,179,358,716,1432,2864,5728,11456
100,1,1,1,1,1,1,1,1,1,1,1,1,1,1,1,1,1,1,1,1,1,1,1,1,1,1,1,2,2,2,2,2,2,2,2,2,2,2,2,2,2,3,3,3,3,3,3,3,3,3,3,3,3,3,4,4,4,5,5,6,6,6,6,7,8,8,8,9,9,9,10,11,11,12,14,16,17,18,20,20,20,23,25,30,32,35,40,43,52,58,70,85,108,143,231,462,924,1848,3696,7392,14784
100,1,1,1,1,1,1,1,1,1,1,1,1,1,1,1,1,1,1,1,1,1,1,1,1,1,1,1,1,1,1,1,1,1,1,1,1,1,1,2,2,2,2,2,2,2,2,2,2,2,3,3,3,3,3,3,3,3,3,3,3,4,4,4,5,6,6,6,7,7,7,7,7,8,9,10,10,11,12,14,14,15,17,18,21,21,28,28,32,35,39,49,61,76,103,161,322,644,1288,2576,5152,10304
100,1,1,1,1,1,1,1,1,1,1,1,1,1,1,1,1,1,1,1,1,1,1,1,1,1,1,1,1,1,1,1,1,1,1,1,1,1,1,1,1,1,1,1,1,1,1,1,2,2,2,2,2,2,2,2,2,2,3,3,3,3,3,3,3,3,3,3,4,4,5,5,5,5,5,5,7,7,8,8,11,11,11,12,13,14,17,19,22,26,31,36,41,57,81,126,252,504,1008,2016,4032,8064
100,1,1,1,1,1,1,1,1,1,1,1,1,1,2,2,2,2,2,2,2,2,2,2,2,2,2,2,2,2,2,2,3,3,3,3,3,3,3,3,3,4,4,4,5,5,5,5,5,5,5,5,5,5,5,5,6,6,6,6,6,6,6,7,7,7,8,9,10,12,13,13,13,13,14,15,15,17,19,19,20,24,27,27,29,35,42,46,52,58,68,85,101,131,178,275,550,1100,2200,4400,8800,17600
100,1,1,1,1,1,1,1,1,1,1,1,1,1,1,1,1,1,1,1,1,1,1,1,1,1,1,1,1,1,1,1,1,1,1,1,1,1,1,1,1,1,1,1,2,2,2,2,2,2,2,2,2,3,3,3,3,3,3,3,4,4,4,4,4,4,4,5,6,6,6,7,7,7,9,9,10,10,11,13,13,14,16,17,19,20,21,25,28,33,37,42,51,69,97,151,302,604,1208,2416,4832,9664
100,1,1,1,1,1,1,1,1,1,1,1,1,1,1,1,1,1,1,1,1,1,1,1,1,1,1,1,2,2,2,2,2,2,2,2,2,2,2,3,3,3,3,3,3,3,3,3,3,3,3,3,3,3,4,4,4,4,4,6,6,6,6,6,7,8,8,8,8,8,8,9,9,9,11,11,12,12,12,12,15,19,19,21,22,24,31,33,35,43,55,63,76,95,127,200,400,800,1600,3200,6400,12800
100,1,1,1,1,1,1,1,1,1,1,1,1,1,1,1,1,1,1,1,1,1,1,1,1,1,1,1,1,1,1,1,1,1,1,1,1,1,1,1,1,1,1,1,1,1,1,1,1,1,1,1,1,1,2,2,2,2,2,2,2,2,2,3,3,3,3,3,3,3,3,3,3,3,3,3,3,3,4,4,4,6,6,8,8,10,10,10,11,14,15,18,24,30,40,64,128,256,512,1024,2048,4096
100,1,1,1,1,1,1,1,1,1,1,1,1,1,1,1,1,1,1,1,1,1,2,2,2,2,2,2,2,2,2,2,2,2,2,2,2,2,2,2,2,2,2,2,2,2,2,2,2,3,3,3,4,5,5,5,6,6,6,6,7,7,7,7,7,7,7,9,9,9,9,10,10,12,13,14,14,14,16,17,18,18,21,23,26,28,31,37,45,48,56,66,80,101,141,222,444,888,1776,3552,7104,14208
100,1,1,1,1,1,1,1,1,1,1,1,1,1,1,1,1,1,1,1,1,1,1,1,1,1,1,1,1,1,1,1,1,1,1,1,1,1,1,2,2,2,2,2,2,2,2,2,3,3,3,3,3,3,3,3,3,3,4,4,4,4,4,4,4,4,4,4,4,5,5,6,8,8,8,10,10,11,11,11,14,14,16,17,21,23,27,30,34,40,44,55,65,85,112,180,360,720,1440,2880,5760,11520
100,1,1,1,1,1,1,1,1,1,1,1,1,1,1,1,1,1,2,2,2,2,2,2,2,2,2,2,2,2,2,2,2,2,2,2,2,2,2,2,2,2,2,2,3,3,3,3,3,3,3,3,3,3,3,4,4,5,5,5,5,5,5,6,7,7,7,7,8,10,10,10,10,10,10,12,12,14,16,16,16,17,17,20,22,27,31,34,38,46,54,67,83,102,131,210,420,840,1680,3360,6720,13440
100,1,1,1,1,1,1,1,1,1,1,1,1,1,1,1,1,1,1,1,1,1,1,1,1,1,1,1,1,1,1,1,1,1,1,1,2,2,2,2,2,2,2,2,2,2,2,2,2,2,2,2,2,2,2,2,2,2,2,2,3,3,3,3,3,3,3,3,3,4,5,5,6,6,6,7,8,8,8,8,9,10,11,12,13,15,18,18,20,26,28,35,44,56,77,119,238,476,952,1904,3808,7616
100,1,1,1,1,1,1,1,1,1,1,1,1,1,1,1,1,1,1,1,1,1,2,2,2,2,2,2,2,2,2,2,2,2,2,2,2,2,2,2,2,2,2,2,2,3,3,3,3,3,3,4,4,5,5,5,5,5,5,5,5,5,5,5,5,6,6,8,8,9,9,9,9,9,10,10,14,15,17,18,20,22,25,25,26,32,36,37,42,49,58,69,84,111,151,237,474,948,1896,3792,7584,15168
100,1,1,1,1,1,1,1,1,1,1,1,1,1,1,1,1,1,1,1,1,1,1,1,1,1,1,1,1,1,1,1,1,1,1,1,1,1,1,1,2,2,2,2,2,2,2,2,2,2,2,2,2,2,2,3,3,3,3,3,3,3,3,3,4,4,4,5,5,5,5,5,6,7,7,8,8,9,9,10,10,10,14,16,18,19,20,23,26,34,36,42,47,67,91,141,282,564,1128,2256,4512,9024
100,1,1,1,1,1,1,1,1,1,1,1,1,1,1,1,1,1,1,1,1,1,1,1,1,1,1,1,1,1,1,1,1,2,2,2,2,2,2,2,2,2,2,2,2,2,2,2,2,2,2,2,2,2,2,2,2,2,2,3,3,3,3,3,3,3,3,3,3,4,5,5,5,5,6,6,6,6,7,7,7,9,10,11,11,13,14,16,17,20,23,27,35,45,63,99,198,396,792,1584,3168,6336
100,1,1,1,1,1,1,1,1,1,1,1,1,1,1,1,1,1,1,1,1,1,1,1,1,1,1,1,1,1,1,1,1,1,1,1,1,1,1,1,1,1,2,2,2,2,2,2,2,2,2,3,3,3,3,3,3,3,3,3,3,3,4,5,5,5,5,5,6,6,6,7,8,8,9,9,10,11,11,12,12,13,17,17,19,22,24,26,30,32,40,48,65,74,97,157,314,628,1256,2512,5024,10048
100,1,1,1,1,1,1,1,1,1,1,1,1,1,1,1,1,1,1,1,1,1,1,1,1,1,1,1,1,1,1,1,1,1,1,1,1,1,1,1,1,1,1,1,1,1,1,2,2,2,2,2,2,2,2,3,3,3,3,3,3,3,3,3,3,3,4,4,4,4,4,5,5,6,7,7,8,9,10,10,11,12,13,14,14,16,19,23,25,28,36,39,47,61,82,133,266,532,1064,2128,4256,8512
100,1,1,1,1,1,1,1,1,1,1,1,1,1,1,1,1,1,1,1,1,1,1,1,1,1,2,2,2,2,2,2,2,2,2,2,2,2,2,2,2,2,2,2,2,2,2,2,3,3,3,3,3,3,4,4,4,4,4,4,4,4,4,5,6,7,8,8,9,10,10,10,10,11,12,13,15,15,15,17,19,21,23,25,27,30,35,41,44,50,61,70,88,106,145,233,466,932,1864,3728,7456,14912
100,1,1,1,1,1,1,1,1,1,1,1,1,1,1,1,1,1,1,1,1,1,1,1,1,2,2,2,2,2,2,2,2,2,2,2,2,2,2,2,2,2,2,2,2,2,2,3,3,3,4,5,5,5,5,5,5,5,5,6,6,6,6,7,7,7,7,7,7,9,11,11,11,12,13,13,13,15,15,16,18,20,23,27,28,33,33,40,45,50,60,71,85,109,147,229,458,916,1832,3664,7328,14656
100,1,1,1,1,1,1,1,1,1,1,1,1,1,1,1,1,1,1,1,1,1,1,1,1,1,1,1,1,1,1,1,1,1,1,1,1,1,1,1,2,2,2,2,2,2,2,2,2,2,2,2,2,2,3,4,4,4,4,4,4,4,4,4,4,5,6,6,7,7,7,7,7,8,8,9,10,11,14,15,15,15,18,22,23,25,26,31,33,39,48,56,72,88,117,188,376,752,1504,3008,6016,12032
100,1,1,1,1,1,1,1,1,1,1,1,1,1,1,1,1,1,1,1,1,1,1,1,1,1,1,1,1,1,1,1,1,1,1,1,1,1,1,1,1,2,2,2,2,2,2,2,2,2,2,2,2,2,2,2,2,2,3,4,4,4,4,4,4,4,4,4,4,4,5,6,6,6,7,7,8,10,10,11,12,12,14,15,18,19,22,27,28,34,39,46,57,72,98,150,300,600,1200,2400,4800,9600
100,1,1,1,1,1,1,1,1,1,1,1,1,1,1,1,1,1,1,1,1,1,1,1,1,1,2,2,2,2,2,2,2,2,2,2,2,2,2,2,2,2,2,2,2,3,3,3,3,4,4,4,4,4,4,5,6,6,6,6,6,6,6,8,8,8,8,8,8,8,9,9,9,11,11,14,15,16,18,19,19,22,25,27,27,34,36,43,49,56,64,76,90,117,164,259,518,1036,2072,4144,8288,16576
100,1,1,1,1,1,1,1,1,1,1,1,1,1,1,1,1,1,1,1,1,1,1,1,1,1,1,1,1,1,1,2,2,2,2,2,2,2,2,2,2,2,2,2,2,2,2,2,2,2,2,2,3,3,4,4,4,4,4,4,4,5,5,5,6,6,6,6,7,8,8,8,8,9,11,11,12,12,12,14,16,17,19,22,22,23,29,36,39,44,50,60,73,92,124,197,394,788,1576,3152,6304,12608
100,1,1,1,1,1,1,1,1,1,1,1,1,1,1,1,1,1,1,1,1,1,1,1,1,1,1,1,2,2,2,2,2,2,2,2,2,2,2,2,2,2,2,2,2,2,2,2,2,2,3,4,4,4,4,4,4,4,4,6,6,6,6,6,6,6,6,6,8,8,8,8,8,9,11,13,13,13,14,16,19,20,21,21,25,30,35,39,46,52,59,68,82,106,144,221,442,884,1768,3536,7072,14144
100,1,1,1,1,1,1,1,1,1,1,1,1,1,1,1,1,1,1,1,1,1,1,1,1,1,1,1,1,1,2,2,2,2,2,2,2,2,2,2,2,2,2,2,2,2,2,2,2,2,3,4,4,4,4,4,4,5,5,5,5,6,6,6,6,7,7,7,8,8,8,8,9,9,9,11,13,13,15,16,16,19,23,23,25,27,30,34,41,46,53,65,76,100,135,215,430,860,1720,3440,6880,13760
100,1,1,1,1,1,1,1,1,1,1,1,1,1,1,1,1,1,1,1,1,1,1,1,1,1,1,1,1,2,2,2,2,2,2,2,2,2,2,2,2,2,2,2,2,2,2,2,2,3,3,3,3,3,3,4,4,4,4,4,4,4,4,5,5,5,5,5,5,5,5,5,8,8,8,8,10,11,11,12,13,13,15,19,19,19,22,27,30,33,38,49,57,71,94,151,302,604,1208,2416,4832,9664
100,1,1,1,1,1,1,1,1,1,1,1,1,1,1,1,1,1,1,1,1,1,1,1,1,1,1,1,1,1,1,1,1,1,1,1,1,1,1,1,2,2,2,3,3,3,3,3,3,3,3,3,3,3,3,3,3,3,3,4,4,4,4,4,4,5,5,5,5,6,6,6,6,8,8,9,9,11,12,13,13,14,17,18,20,22,24,27,34,39,40,51,61,77,100,160,320,640,1280,2560,5120,10240
100,1,1,1,1,1,1,1,1,1,1,1,1,1,1,1,1,1,1,1,1,1,1,1,1,1,1,1,1,2,2,2,2,2,2,2,2,2,2,2,2,2,2,2,3,3,3,3,3,4,4,4,4,4,4,4,4,4,4,4,4,6,6,6,6,6,6,7,7,8,8,8,9,9,9,9,11,11,12,14,17,18,18,20,21,24,29,31,36,43,51,60,71,87,121,185,370,740,1480,2960,5920,11840
100,1,1,1,1,1,1,2,2,2,2,2,2,2,2,2,2,2,3,3,3,3,3,3,3,3,3,3,3,3,3,3,3,3,3,3,3,3,3,4,4,4,5,5,5,6,6,7,7,7,7,7,7,7,7,7,7,7,9,9,9,9,11,11,11,11,12,13,15,15,16,16,16,18,19,20,23,26,28,28,30,35,39,44,46,53,60,65,72,81,94,114,149,180,252,405,810,1620,3240,6480,12960,25920
100,1,1,1,1,1,1,1,1,1,1,1,1,1,1,1,1,1,1,1,1,1,1,1,1,1,1,1,1,1,1,1,1,1,1,2,2,2,2,2,2,2,2,2,2,2,2,2,2,2,2,2,3,3,3,3,4,4,4,4,4,4,5,6,6,6,6,6,7,7,8,8,8,8,8,10,11,12,12,15,15,16,18,19,21,23,28,32,34,39,47,58,72,86,114,188,376,752,1504,3008,6016,12032
100,1,1,1,1,1,1,1,1,1,1,1,1,1,1,1,1,1,1,1,1,1,1,1,1,1,1,1,1,1,1,1,1,1,1,1,1,2,2,2,2,2,2,2,2,2,2,2,3,3,3,3,3,3,3,3,3,3,3,3,5,5,5,5,5,5,5,6,7,7,7,8,9,9,10,10,11,12,12,15,15,17,19,20,21,25,28,32,34,40,48,59,71,89,125,196,392,784,1568,3136,6272,12544
100,1,1,1,1,1,1,1,1,1,1,1,1,1,1,1,1,1,1,1,1,1,1,1,1,1,1,2,2,2,2,2,2,2,2,2,2,2,2,2,3,3,3,3,3,3,3,3,3,3,3,3,3,3,3,4,4,4,4,4,5,5,5,6,6,6,6,6,7,8,8,10,10,11,12,12,13,14,14,16,18,20,21,24,26,27,28,32,40,44,53,59,81,104,138,209,418,836,1672,3344,6688,13376
100,1,1,1,1,1,1,1,1,1,1,1,1,1,1,1,1,1,1,1,1,1,1,1,1,1,1,1,1,1,2,2,2,2,2,2,2,2,2,3,3,3,3,3,3,3,3,3,3,3,3,3,3,3,4,4,4,4,4,4,4,5,5,5,5,5,6,6,7,7,8,9,9,10,11,11,11,11,13,15,15,16,17,18,21,26,28,31,34,39,44,53,65,87,121,188,376,752,1504,3008,6016,12032
