100,1,1,1,1,1,1,1,1,1,1,1,1,1,1,1,1,1,1,1,1,1,2,2,2,2,2,2,2,2,2,2,3,3,3,3,3,3,3,3,3,3,3,3,3,3,3,3,3,3,3,3,3,3,3,3,3,5,5,5,6,6,6,6,7,7,7,8,8,8,9,10,10,11,11,12,14,15,15,16,16,17,18,18,23,25,32,36,38,40,45,56,70,91,135,233,446,890,1771,3522,7080,14049
100,1,1,1,1,1,1,1,1,1,1,1,1,1,1,1,1,1,1,2,2,2,2,2,2,2,2,2,2,2,2,2,2,2,3,3,3,3,3,3,3,3,3,4,4,4,5,5,5,5,5,5,5,5,5,6,6,6,6,7,7,7,7,8,8,9,9,9,10,10,11,11,12,13,14,15,16,17,20,21,21,22,25,27,29,34,38,40,43,57,64,75,93,115,169,284,554,1084,2149,4298,8607,17266
100,1,1,1,1,1,1,1,1,1,1,1,1,1,1,1,1,1,1,1,1,1,1,1,1,1,1,1,1,1,1,1,1,1,1,1,1,1,2,2,2,2,2,2,2,2,2,2,2,2,2,2,2,2,4,5,5,5,5,5,5,5,5,5,5,5,5,5,6,7,7,7,9,9,9,9,10,11,12,14,17,17,18,18,20,21,24,29,30,37,39,45,61,80,115,200,372,719,1402,2862,5736,11480
100,1,1,1,1,1,1,1,1,1,1,1,1,1,1,1,1,1,1,1,1,2,2,2,2,2,2,2,2,2,2,2,3,3,3,3,3,3,3,3,3,3,3,3,3,3,3,3,4,4,4,4,4,4,4,4,4,6,6,8,8,8,8,9,9,9,9,9,11,11,11,12,14,15,16,16,17,18,20,21,24,28,29,29,32,34,37,47,50,57,64,76,91,124,193,324,628,1241,2454,4902,9789,19625
100,1,1,1,1,1,1,1,1,1,1,1,1,1,1,1,1,1,1,1,1,1,1,1,1,1,1,1,1,1,2,2,2,2,2,2,2,2,2,2,2,2,2,2,2,2,2,2,3,3,3,3,3,3,3,3,3,3,3,3,3,3,3,4,4,4,5,5,6,6,6,6,6,7,8,9,10,10,10,10,11,14,15,17,18,19,21,21,22,24,26,31,40,59,86,143,280,564,1146,2299,4610,9265
100,1,1,1,1,1,1,1,3,3,3,3,3,3,3,3,3,3,3,3,3,3,3,3,3,3,3,3,3,3,3,3,3,3,3,3,3,3,4,4,4,4,4,4,4,4,4,4,5,6,6,6,6,6,6,6,6,6,8,9,9,9,9,9,11,12,13,13,14,16,16,16,17,19,19,21,22,24,26,29,31,32,36,39,43,44,50,56,64,71,86,101,122,159,243,404,789,1566,3102,6219,12423,24797
100,1,1,1,1,1,1,1,1,1,1,1,1,1,1,1,1,1,1,1,1,1,1,1,2,2,2,2,2,2,2,2,2,2,2,2,3,3,3,3,3,3,3,3,3,3,3,3,4,4,4,4,4,4,4,4,6,6,6,6,6,6,7,9,9,9,9,10,10,11,11,11,12,12,14,15,15,17,18,18,20,22,23,25,30,31,36,38,43,47,53,63,85,109,161,285,547,1061,2138,4262,8498,16995
100,1,1,1,1,1,1,1,1,1,1,1,1,1,1,1,1,1,1,1,1,1,1,1,1,1,1,1,1,1,1,1,1,1,1,1,1,1,1,1,1,2,2,2,2,2,2,2,2,2,2,2,2,2,2,3,3,3,3,3,3,3,4,4,4,4,5,5,5,5,6,7,8,8,8,8,9,10,11,11,11,12,15,16,17,18,21,25,26,27,31,35,46,65,99,164,324,643,1258,2495,5009,9968
100,1,1,1,1,1,1,1,1,1,1,1,1,1,1,1,1,1,1,1,1,1,1,2,2,2,2,2,2,2,2,2,2,2,2,2,2,2,2,2,2,2,2,2,2,2,2,2,2,2,3,3,3,4,4,4,4,5,5,5,6,6,8,8,8,8,8,8,8,8,10,10,10,10,10,10,11,11,14,15,15,17,19,21,24,26,26,26,32,33,44,51,66,83,124,199,381,760,1502,2978,5999,12067
100,1,1,1,1,1,1,1,1,1,1,1,1,1,1,1,1,1,1,1,1,1,1,1,1,1,1,1,1,1,1,1,1,1,1,1,1,1,1,3,3,3,3,3,3,3,3,4,4,4,4,4,4,4,4,4,4,4,4,5,5,5,5,5,5,5,5,7,7,8,8,9,9,9,10,11,11,11,12,14,14,16,20,20,20,21,26,29,33,37,42,49,58,77,98,167,326,648,1304,2618,5225,10472
100,1,1,1,1,1,1,1,1,1,1,1,1,1,1,1,1,1,1,1,1,1,1,1,1,1,1,2,2,2,2,2,2,2,3,3,3,3,3,3,3,3,3,3,3,3,3,3,4,4,4,4,4,4,6,6,6,7,7,7,7,7,7,7,8,8,8,8,8,9,9,11,11,13,13,13,13,14,14,16,19,19,21,23,26,28,31,34,35,39,46,56,76,100,134,227,433,873,1772,3544,7079,14161
100,1,1,1,1,1,1,1,1,1,1,1,1,1,1,1,1,1,1,1,1,1,1,1,1,1,1,1,1,1,1,1,1,1,1,1,1,1,1,2,2,2,2,2,2,2,2,2,2,2,2,2,2,2,2,2,3,3,3,3,3,5,5,5,5,5,5,5,6,6,6,6,7,8,8,9,9,9,9,10,12,13,13,16,17,19,19,21,23,27,35,39,49,62,92,162,312,621,1223,2477,5019,10022
100,1,1,1,1,1,1,1,1,1,1,1,1,1,1,1,1,1,1,1,1,1,1,1,1,1,1,1,1,1,1,1,1,1,1,1,1,1,2,2,2,2,2,2,2,2,3,3,3,3,3,3,4,4,4,4,4,4,4,4,4,5,5,5,5,5,5,5,5,5,6,7,7,7,8,8,8,9,11,13,13,13,16,16,18,21,25,26,27,29,35,42,52,73,100,172,333,655,1305,2634,5220,10421
100,1,1,1,1,1,1,1,1,1,1,1,1,1,1,1,1,1,1,1,1,1,1,1,1,1,1,1,1,1,1,1,1,1,1,1,1,1,1,1,1,1,2,2,2,2,2,2,2,2,2,2,2,2,2,2,2,2,3,3,3,3,3,3,4,4,4,4,4,4,4,6,7,7,7,8,10,10,10,10,10,11,11,14,14,15,20,21,24,26,29,33,41,52,84,144,273,528,1047,2078,4146,8215
100,1,1,1,1,1,1,1,1,1,1,1,1,1,1,1,1,1,1,1,1,1,1,1,1,1,1,1,1,2,2,2,2,2,3,3,3,3,3,3,3,3,3,3,3,3,3,3,3,4,4,4,4,4,4,4,4,4,4,4,4,5,7,7,8,9,10,10,10,11,11,11,11,11,13,14,16,17,17,17,19,20,22,23,27,29,31,37,41,47,57,65,78,95,138,231,456,919,1832,3649,7317,14500
100,1,1,1,1,1,1,1,1,1,1,1,1,1,1,1,1,1,1,1,1,1,1,1,1,1,1,1,1,1,1,1,1,2,2,2,2,2,2,2,2,2,2,2,2,2,3,3,3,3,3,4,4,4,4,4,4,4,4,4,4,4,4,5,6,6,6,6,6,7,7,8,10,11,11,11,11,13,14,15,17,17,18,19,23,24,28,30,32,35,41,52,68,91,135,237,454,878,1749,3443,6879,13801
100,1,1,1,1,1,1,1,1,1,1,1,1,1,1,1,1,1,1,1,1,1,1,1,1,1,1,1,1,1,2,2,2,2,2,2,2,2,2,2,2,2,2,2,2,3,3,3,3,3,4,4,4,5,5,5,5,5,5,5,6,6,6,6,7,8,8,8,8,8,9,9,9,10,12,14,14,16,17,18,19,22,22,23,26,29,31,35,41,46,54,60,70,95,144,247,485,977,1938,3907,7814,15560
100,1,1,1,1,1,1,1,1,1,1,1,1,1,1,1,1,1,1,1,2,2,2,2,2,2,2,2,2,2,2,2,2,2,2,2,2,2,2,2,2,2,4,4,4,4,4,4,5,5,5,5,5,5,5,5,5,6,7,7,7,7,7,7,7,7,8,9,11,12,12,14,15,15,15,17,17,18,18,21,23,27,28,30,32,36,42,49,52,57,66,81,97,127,189,321,604,1175,2352,4677,9412,18791
100,1,1,1,1,1,1,1,1,1,1,1,1,1,1,1,1,1,1,1,1,1,1,1,1,1,2,2,2,2,2,2,2,2,3,3,3,3,3,3,3,3,3,3,3,3,3,3,3,3,3,3,3,3,5,5,5,5,5,5,6,6,7,7,7,8,8,8,8,9,10,10,10,11,12,14,16,16,16,17,19,21,21,23,28,30,33,34,39,43,47,52,70,98,147,244,466,939,1860,3708,7346,14712
100,1,1,1,1,1,1,1,1,1,1,1,1,1,1,1,1,1,1,1,1,1,1,1,1,1,1,1,1,1,1,1,1,1,1,1,1,1,1,1,1,2,2,2,2,2,2,2,2,2,2,2,2,2,3,3,3,3,3,3,3,3,3,4,4,4,4,5,5,5,6,6,7,7,8,8,9,9,10,11,13,13,13,15,15,17,18,20,21,27,31,38,45,66,101,169,312,621,1206,2406,4829,9566
100,1,1,1,1,1,1,1,1,1,1,1,1,1,1,1,1,1,1,1,1,1,1,1,1,1,1,1,1,1,1,1,1,1,1,1,1,2,2,2,2,2,2,2,2,2,2,2,2,2,2,2,3,3,3,3,3,3,3,3,3,4,4,4,4,4,4,4,5,5,5,5,7,7,7,7,8,9,10,12,13,14,15,15,15,20,20,21,24,27,28,34,45,61,90,151,284,564,1117,2245,4517,9071
100,1,1,1,1,1,1,1,1,1,1,1,1,1,1,1,1,1,1,1,1,1,1,1,1,1,1,1,1,1,1,2,2,2,2,2,2,2,2,2,2,2,2,2,2,2,2,2,2,2,2,2,2,2,2,2,2,2,2,2,2,2,5,5,5,5,5,5,5,6,6,6,6,8,8,8,10,10,10,10,11,12,14,14,15,19,21,23,26,27,30,36,45,60,90,151,287,573,1138,2276,4555,9100
100,1,1,1,1,1,1,2,2,2,2,2,2,2,2,2,2,2,2,2,3,3,3,3,3,3,3,3,3,3,3,3,3,3,3,3,3,3,3,3,3,3,3,4,5,5,5,5,5,5,5,6,6,6,6,7,7,7,7,9,9,9,9,9,11,13,13,13,13,14,15,15,16,16,20,20,22,25,29,29,30,31,39,40,43,46,49,53,62,70,82,98,124,161,246,419,803,1571,3107,6196,12264,24559
100,1,1,1,1,1,1,1,1,1,1,1,1,1,1,1,1,1,1,1,1,1,1,1,1,1,1,1,1,2,2,2,2,2,2,2,2,2,2,2,2,2,2,2,2,3,3,3,3,3,3,3,3,3,3,3,3,3,4,4,4,4,4,5,5,5,5,5,5,8,9,10,10,11,11,11,11,12,12,13,15,18,19,19,19,22,24,28,31,36,45,47,63,83,125,221,419,830,1652,3311,6589,13091
100,1,1,1,1,1,1,1,1,1,2,2,2,2,2,2,2,2,3,3,3,3,3,3,3,3,3,3,3,3,3,3,3,4,4,4,4,4,4,4,4,4,4,4,4,4,4,4,5,5,5,5,5,5,5,5,5,6,7,7,7,7,7,7,7,8,9,9,9,9,9,10,10,10,11,14,15,15,15,16,22,24,25,26,28,31,34,37,42,50,57,65,79,103,152,265,498,992,1953,3946,7920,15800
100,1,1,1,1,1,1,1,1,1,1,1,1,1,1,1,1,1,1,1,1,1,1,1,1,1,1,1,1,1,1,1,1,1,1,1,1,1,1,1,1,1,1,1,2,2,2,2,2,2,2,2,3,3,3,3,3,3,3,3,3,3,3,3,3,4,4,4,5,5,5,5,6,7,7,7,8,9,9,9,9,9,9,13,15,15,17,17,20,23,29,31,39,50,80,136,253,488,998,1962,3869,7770
100,1,1,1,1,1,1,1,1,1,1,1,1,1,1,1,1,1,1,1,1,1,1,1,1,1,3,3,3,3,3,3,3,3,3,3,3,3,3,3,3,3,3,3,3,3,4,4,4,4,4,4,5,5,5,6,6,6,6,6,6,6,6,6,8,8,9,10,10,10,10,10,11,11,11,15,15,16,16,19,20,23,26,31,34,35,37,41,45,49,60,68,81,106,153,270,507,1023,1991,3969,7972,15863
100,1,1,1,1,1,1,1,1,1,1,1,1,1,1,1,1,1,1,1,1,1,1,1,1,1,2,2,2,2,2,2,2,2,2,2,2,2,2,2,2,2,3,3,3,3,3,3,3,3,3,3,3,3,3,4,4,6,6,6,6,6,6,7,7,7,8,9,9,9,10,10,11,13,13,13,13,15,16,18,18,22,24,27,32,37,38,40,43,51,55,61,78,110,160,267,503,1007,1970,3917,7865,15741
100,1,1,1,1,1,1,1,1,1,1,1,1,1,1,1,1,1,1,1,1,1,1,1,1,1,1,1,1,1,1,1,1,1,1,2,2,2,2,2,3,3,3,3,3,3,3,3,3,3,3,3,4,4,4,4,4,4,4,5,5,5,5,7,7,8,8,8,8,9,10,10,10,10,10,12,13,13,14,16,18,18,19,20,22,24,28,31,33,39,52,58,72,95,138,235,442,867,1708,3389,6762,13415
100,1,1,1,1,1,1,1,1,1,1,1,1,1,1,1,1,1,1,1,1,1,1,1,1,1,1,1,1,1,1,1,1,1,1,1,2,2,2,2,2,2,2,2,2,2,2,3,3,3,3,3,3,3,3,3,4,4,4,4,5,5,5,5,5,5,5,7,8,8,9,9,10,10,10,10,10,11,13,13,13,14,17,21,21,23,27,27,30,33,39,49,60,80,117,198,378,741,1461,2937,5833,11777
100,1,1,1,1,1,1,1,1,1,1,1,1,1,1,1,1,1,1,1,1,1,1,1,1,1,1,1,1,1,1,1,1,1,1,1,1,1,1,1,1,1,1,1,2,2,2,2,2,2,2,3,3,3,3,3,3,3,3,3,3,3,4,4,4,4,4,4,6,6,6,6,6,6,7,7,7,9,10,10,10,12,13,14,16,16,17,19,20,25,31,36,46,66,96,164,308,624,1236,2492,5000,9972
100,1,1,1,1,1,1,1,1,1,1,1,1,1,1,1,2,2,2,2,2,2,2,2,2,2,2,2,2,2,2,2,2,2,2,2,2,2,2,2,2,2,2,2,2,2,2,4,4,4,4,4,4,4,4,4,4,5,5,6,6,6,6,6,6,7,8,8,8,9,9,9,9,10,10,11,14,15,16,17,17,17,19,23,24,26,26,31,36,43,47,53,73,97,143,239,444,866,1724,3415,6799,13659
100,1,1,1,1,1,1,1,1,1,1,1,1,1,1,1,1,1,1,1,1,1,1,1,1,1,1,1,1,1,1,1,2,2,2,2,2,2,2,2,2,2,2,2,2,2,2,2,2,2,4,4,4,4,4,5,5,5,5,5,5,6,6,7,7,7,7,7,7,8,8,9,10,10,10,11,12,13,14,14,15,16,16,18,22,25,30,31,35,42,46,52,64,87,126,213,413,824,1626,3191,6391,12851
100,1,1,1,1,1,1,1,1,1,1,1,1,1,1,1,1,1,1,1,1,1,1,1,1,2,2,2,2,2,2,2,2,2,2,2,2,2,2,2,2,2,2,3,3,3,3,3,3,3,3,3,3,4,4,4,4,4,4,4,4,5,5,5,5,5,6,6,6,6,6,6,8,10,10,10,10,10,11,13,14,15,15,16,18,19,20,24,24,31,32,39,55,72,105,186,348,698,1394,2768,5511,11016
100,1,1,1,1,1,1,1,1,1,1,1,1,1,1,1,1,1,1,1,1,1,1,1,1,1,1,1,1,2,2,2,2,2,2,2,3,3,3,3,3,3,3,3,3,3,3,3,3,3,3,3,3,3,3,5,5,5,5,5,5,5,5,5,5,7,7,7,7,7,8,9,9,9,10,15,15,15,15,17,17,18,20,22,22,24,30,31,33,37,43,54,69,99,147,244,452,905,1789,3524,6990,14072
100,1,1,1,1,1,1,1,1,1,1,1,1,1,1,2,2,2,2,2,2,2,2,2,2,3,3,3,3,3,3,3,3,3,3,3,3,3,3,4,4,4,4,4,4,4,4,4,4,4,4,4,4,5,5,6,6,6,6,6,7,8,11,11,11,11,11,12,14,14,14,16,17,17,18,18,20,21,23,26,29,30,33,33,39,41,46,51,61,67,75,89,106,147,219,354,670,1297,2587,5173,10340,20646
100,1,1,1,1,1,1,1,1,1,1,1,1,1,1,1,1,1,1,1,1,1,1,1,2,2,2,2,2,2,2,2,2,2,2,2,2,2,2,2,2,2,2,2,2,3,3,3,4,4,4,4,5,5,5,5,5,5,6,6,7,7,7,7,7,7,8,8,8,8,11,12,12,12,14,14,20,21,22,22,23,23,25,27,28,33,35,37,45,51,62,69,83,108,165,270,507,1010,1999,3978,7931,15873
100,1,1,1,1,1,1,1,1,1,1,1,1,1,1,1,1,1,1,1,1,1,1,1,1,1,1,1,1,1,2,2,2,2,2,2,3,3,3,3,3,3,3,3,3,3,3,3,3,3,3,3,3,3,4,4,4,4,4,4,4,4,4,4,5,6,6,6,6,7,8,10,11,11,11,11,12,12,13,14,16,16,18,18,20,23,25,26,30,36,41,47,59,86,122,213,394,778,1507,2991,5956,11971
100,1,1,1,1,1,1,1,1,1,1,1,1,1,1,1,1,1,1,1,1,1,1,1,1,1,1,2,2,2,2,2,2,2,2,2,2,2,2,3,3,3,3,3,3,3,3,3,3,3,3,3,3,3,3,3,3,4,4,4,5,5,6,6,6,7,7,7,8,8,8,9,10,10,10,11,11,12,13,17,18,20,22,22,24,27,30,31,34,39,47,55,68,92,139,224,438,866,1738,3516,7060,14013
100,1,1,1,1,1,1,1,1,1,1,1,1,1,1,1,1,1,1,1,1,1,1,1,1,2,2,2,2,2,2,2,2,2,2,2,2,2,2,2,2,2,2,3,3,3,3,3,3,3,3,4,4,5,5,5,5,5,5,5,5,5,5,5,5,6,6,6,6,6,9,11,13,14,14,15,15,15,16,17,20,20,25,25,26,31,32,37,38,42,49,55,71,95,145,238,471,926,1825,3651,7233,14349
100,1,1,1,1,1,1,1,1,1,1,1,1,1,1,1,1,1,1,1,1,1,1,1,1,1,1,1,1,2,2,2,2,2,2,2,2,2,2,3,3,3,3,3,3,3,4,4,4,4,4,4,4,4,4,4,4,5,5,6,6,6,6,6,7,7,7,8,8,8,8,8,10,10,11,12,12,17,19,20,20,22,22,23,25,28,30,31,39,46,49,56,70,93,141,239,444,874,1749,3478,6938,13784
100,1,1,1,1,1,1,1,1,1,3,3,3,3,3,3,3,3,3,3,3,3,3,4,4,4,4,4,4,4,4,4,4,5,5,5,5,5,5,5,5,5,5,5,5,5,5,5,5,5,5,6,6,6,6,6,8,8,8,9,9,9,9,10,11,11,12,12,12,12,14,14,15,16,19,20,21,22,24,25,25,25,27,28,31,37,41,45,51,58,66,76,94,123,187,309,581,1164,2336,4664,9304,18518
100,1,1,1,1,1,1,1,1,1,1,1,1,1,1,1,1,1,1,1,1,1,1,1,1,1,1,1,1,1,2,2,2,2,2,2,2,2,2,2,2,2,2,2,2,3,3,3,3,3,3,3,3,3,3,3,3,3,3,4,5,5,5,5,5,5,5,6,7,7,7,7,7,8,9,9,9,10,10,11,13,14,15,17,18,21,25,26,28,31,37,44,58,72,111,183,358,707,1401,2751,5510,10961
100,1,1,1,1,1,1,1,1,1,1,1,1,1,1,1,1,1,1,1,1,1,1,1,1,1,1,2,2,2,2,2,2,2,2,2,2,2,2,2,2,2,2,2,2,2,3,3,3,4,4,4,4,4,4,4,4,5,5,5,5,6,6,6,6,6,7,7,8,9,9,10,12,12,13,14,14,15,16,16,17,21,23,25,25,29,31,33,36,45,52,62,78,97,139,241,465,903,1795,3587,7198,14414
100,1,1,1,1,1,1,1,1,1,1,1,1,1,1,1,2,2,2,2,2,2,2,2,2,2,2,2,2,2,2,2,2,2,2,2,2,2,2,2,2,2,2,2,2,2,2,2,2,2,3,4,4,4,4,4,5,5,6,6,6,6,6,7,7,8,8,8,8,8,8,11,11,14,15,15,15,15,15,18,19,20,21,25,28,30,32,37,38,46,55,63,79,104,151,267,505,1001,2002,4017,8077,16068
100,1,1,1,1,1,1,1,1,1,1,1,1,1,1,1,1,1,1,1,1,1,1,1,1,1,1,1,2,2,2,2,2,2,2,2,2,2,2,2,2,2,2,2,2,3,3,3,3,3,3,3,3,3,3,3,3,3,3,3,3,3,3,3,3,3,3,5,6,6,6,6,6,6,6,9,9,9,11,11,12,13,13,15,17,19,20,23,25,26,29,35,40,59,88,152,295,593,1196,2383,4731,9452
100,1,1,1,1,1,1,1,1,1,1,1,1,1,1,1,1,1,1,1,1,1,1,1,1,1,1,1,1,1,1,1,2,2,2,2,2,2,2,2,2,2,2,3,3,3,3,3,3,3,3,5,5,5,5,5,5,5,5,5,5,6,7,7,8,8,8,8,8,8,8,9,9,10,11,13,14,18,19,19,22,24,24,25,27,28,30,35,38,42,50,59,72,98,146,248,462,945,1853,3676,7311,14622
100,1,1,1,1,1,1,1,1,1,1,3,3,3,3,3,3,3,3,3,3,3,3,3,3,3,3,3,3,3,3,3,3,4,4,4,4,4,4,4,4,4,4,4,4,5,5,5,5,6,6,6,6,6,7,7,8,8,9,9,9,10,13,13,13,13,13,13,14,15,17,17,18,19,20,21,23,25,28,31,34,35,36,39,41,47,54,60,68,77,83,96,118,161,239,414,792,1581,3151,6228,12403,24800
100,1,1,1,1,1,1,1,1,1,1,1,1,1,1,1,1,1,1,1,1,1,1,1,2,2,2,2,2,2,2,2,2,2,2,2,2,2,2,2,2,2,2,2,2,2,2,3,3,3,3,4,4,4,4,4,4,4,5,5,5,5,5,5,5,5,6,6,6,6,7,7,9,9,10,10,10,11,12,15,17,17,19,20,23,24,25,29,31,35,42,50,59,84,131,226,414,813,1614,3195,6352,12761
100,1,1,1,1,1,1,1,1,1,1,1,1,1,1,1,1,1,1,1,1,1,1,1,1,1,1,1,1,1,1,1,1,1,1,1,1,1,1,1,1,1,1,1,1,1,1,1,1,1,1,1,2,2,2,2,2,2,2,2,3,3,3,3,3,4,4,4,4,6,6,6,6,7,7,8,8,9,11,11,12,12,12,15,17,19,20,22,23,25,30,36,42,57,89,154,291,577,1142,2252,4498,8991
100,1,1,1,1,1,1,1,1,1,1,1,1,1,1,1,1,1,1,1,1,1,1,1,1,1,1,1,1,1,1,1,1,1,1,1,1,1,1,1,1,1,1,1,1,1,1,1,1,1,1,1,1,1,2,2,2,2,2,2,2,2,2,2,2,2,2,2,3,3,3,3,3,3,4,4,6,6,6,6,7,7,9,9,10,10,11,12,14,15,17,20,28,38,50,86,171,334,650,1293,2553,5079
100,1,1,2,2,2,2,2,2,2,2,2,2,2,2,2,2,2,2,2,2,2,3,3,3,3,3,3,3,3,3,3,3,3,3,3,3,3,3,3,3,3,3,3,3,3,3,3,3,3,3,3,3,3,3,3,5,7,7,7,7,7,7,8,9,9,9,9,10,10,10,11,14,14,16,16,17,18,18,19,22,22,25,26,28,29,30,34,38,44,53,67,81,97,155,258,488,973,1918,3826,7648,15195
100,1,1,1,1,1,1,1,1,1,1,1,1,1,1,1,1,1,1,2,2,2,2,2,2,2,2,2,2,2,2,2,2,2,2,2,2,2,2,4,4,4,4,4,4,4,4,4,4,4,4,4,4,5,5,6,6,6,6,6,6,6,6,8,9,9,9,9,9,9,9,11,13,14,15,16,16,17,18,20,21,25,27,29,31,32,35,40,44,49,52,66,80,111,152,260,506,1013,2011,3978,7868,15739
100,1,1,1,1,1,1,1,1,1,1,1,1,1,1,1,1,1,1,1,1,1,1,1,2,2,2,2,2,2,2,2,2,2,2,2,2,2,2,2,2,2,2,2,3,3,3,3,3,3,3,3,3,3,3,4,5,5,5,5,6,6,6,7,7,7,7,7,7,7,7,8,10,10,10,12,12,13,13,17,17,21,22,24,24,27,28,31,36,41,48,58,73,95,145,241,451,877,1737,3492,6913,13801
100,1,1,1,1,3,3,3,3,3,3,3,3,3,3,3,3,3,3,3,3,3,3,3,3,3,3,3,3,3,3,3,3,3,4,4,4,4,4,4,4,4,4,4,4,5,5,5,5,6,6,7,7,8,8,8,9,10,10,10,10,10,11,11,11,11,15,18,18,18,18,19,21,21,22,24,29,30,31,31,35,37,40,45,48,51,59,62,68,76,91,111,137,187,272,468,888,1761,3461,6895,13674,27340
100,1,1,1,1,1,1,1,1,1,1,1,1,1,1,1,1,1,1,1,1,1,1,1,1,1,3,3,3,3,3,3,3,3,3,3,3,3,3,3,3,3,3,3,3,3,3,3,3,3,3,3,3,4,5,5,5,5,5,5,7,7,7,7,8,8,8,8,8,9,9,10,10,10,12,12,15,15,15,18,20,21,21,22,25,30,33,34,39,41,46,57,70,96,141,244,471,948,1864,3709,7432,14774
100,1,1,1,1,1,1,1,1,1,1,1,1,1,1,1,1,1,1,1,1,1,1,1,2,2,2,2,2,2,2,2,3,3,3,3,3,3,3,3,3,3,3,3,3,3,3,4,4,4,4,4,4,4,4,4,4,4,4,5,6,7,7,7,7,7,9,9,11,11,11,11,11,11,11,13,13,15,15,18,18,20,20,24,29,30,31,33,35,43,47,55,65,87,130,225,437,868,1744,3460,6881,13794
100,1,1,1,1,1,1,1,1,1,1,1,1,1,1,1,1,1,1,1,1,1,1,1,1,1,1,1,2,2,2,2,2,2,2,2,2,2,2,2,3,3,3,3,3,3,3,3,3,3,3,3,3,3,3,3,3,3,5,5,6,6,6,6,6,7,7,7,7,8,10,10,10,10,10,12,13,15,15,15,18,20,20,22,23,26,29,33,36,42,49,59,71,91,129,214,412,795,1615,3178,6373,12727
100,1,1,1,1,1,1,1,1,1,1,1,1,1,1,1,1,1,1,1,1,1,1,1,1,1,1,1,1,1,1,1,1,1,1,1,1,1,1,1,3,3,3,3,3,3,3,3,3,3,3,3,3,3,3,3,4,4,5,5,5,5,6,6,6,6,6,6,7,7,8,9,10,10,10,10,10,12,13,15,15,17,19,19,21,22,26,30,36,39,45,47,55,77,116,188,374,743,1473,2968,5960,11900
100,1,1,1,1,1,1,1,1,1,1,1,1,1,1,1,1,1,1,2,2,2,2,2,2,2,2,2,2,2,2,2,2,2,2,2,2,2,2,2,3,3,4,4,4,4,4,4,4,4,4,4,4,5,5,5,5,5,5,6,7,7,7,7,7,8,10,11,11,11,12,13,14,14,14,16,17,18,19,22,23,25,28,32,33,38,41,41,48,54,67,80,101,123,181,312,601,1200,2382,4805,9541,19019
100,1,1,1,1,1,1,1,1,1,1,1,1,1,1,1,1,1,1,1,1,1,1,1,1,1,1,1,1,1,1,1,1,1,1,1,1,1,1,1,1,1,1,2,2,2,2,2,2,2,2,2,2,2,3,3,3,3,3,3,3,3,5,5,5,5,5,6,6,6,6,6,6,6,8,8,9,9,11,13,14,14,14,16,19,21,24,27,28,32,36,41,57,79,105,181,343,683,1351,2676,5357,10711
100,1,1,1,1,1,1,1,1,1,1,1,1,1,1,1,1,1,1,1,1,1,1,1,1,1,1,1,1,1,1,1,1,2,2,2,2,2,2,2,2,2,2,2,2,2,2,2,2,2,3,3,3,3,3,3,3,3,3,3,3,3,3,3,3,3,3,4,4,4,4,5,6,7,7,7,7,8,8,9,11,12,13,13,14,15,18,18,21,22,25,30,35,48,70,126,244,497,980,1959,3931,7841
100,1,1,1,1,1,1,1,1,1,1,1,1,1,1,1,1,1,1,1,1,1,1,2,2,2,2,2,2,2,2,2,2,2,2,2,2,2,2,2,2,2,2,2,2,2,2,2,2,2,2,3,3,3,3,3,3,4,4,4,4,5,5,5,6,7,7,7,7,7,8,8,9,11,13,15,15,15,15,17,17,20,21,24,25,26,28,31,35,40,48,54,66,87,125,210,407,796,1599,3197,6368,12749
100,1,1,1,1,1,1,1,1,1,1,1,1,1,1,1,1,1,1,1,1,1,3,3,3,3,3,3,3,3,3,3,3,3,3,3,3,3,3,3,3,3,3,3,4,4,4,4,4,4,4,4,4,5,5,5,5,5,5,6,6,6,6,6,6,7,7,7,8,9,9,10,10,12,12,13,14,14,16,18,21,22,23,27,28,33,35,37,41,48,56,65,76,104,151,259,497,994,1971,3895,7790,15431
100,1,1,1,1,1,1,1,1,1,1,1,1,1,1,1,1,1,1,1,1,1,1,1,1,1,1,1,1,1,1,2,2,2,2,2,2,2,2,2,2,3,3,3,3,3,3,3,3,3,3,4,4,4,4,4,4,4,4,4,4,4,4,4,5,5,5,6,6,6,6,6,6,7,7,8,9,10,11,11,11,11,12,14,16,17,19,21,23,28,32,36,44,58,84,147,275,549,1082,2167,4270,8555
100,1,1,1,1,1,1,1,1,1,1,1,1,1,1,1,1,1,1,1,1,1,1,1,1,1,1,1,1,2,2,2,2,2,2,2,2,2,2,2,2,3,3,3,3,3,3,3,4,4,4,4,4,4,5,5,6,6,6,6,7,7,7,8,8,8,8,8,8,8,10,12,13,14,14,14,15,17,19,21,22,24,25,27,29,31,35,39,42,49,53,66,80,107,149,245,472,949,1911,3835,7673,15342
100,1,1,1,1,1,1,1,1,1,1,1,1,1,1,1,1,1,1,1,1,1,1,1,1,1,2,2,2,2,2,2,2,2,2,2,2,3,3,3,3,3,3,3,3,3,3,3,3,3,3,3,4,4,4,4,4,5,5,6,6,6,6,6,7,8,8,8,9,11,11,13,13,13,14,15,17,18,19,22,22,25,27,29,32,37,41,44,47,53,62,77,93,115,175,296,545,1083,2165,4306,8531,17126
100,1,1,1,1,1,1,1,1,1,1,1,1,1,1,1,1,1,1,1,1,1,1,1,1,1,1,1,1,1,1,1,1,1,1,1,1,1,1,2,2,2,2,2,2,2,2,2,2,2,2,2,2,2,4,4,4,4,4,5,5,5,5,5,5,6,6,7,7,8,8,9,9,9,9,10,10,11,11,15,15,18,19,20,22,24,25,28,33,36,42,50,62,80,122,205,387,763,1496,3044,6052,12143
100,1,1,1,1,1,1,1,1,1,1,1,1,1,1,1,1,1,1,1,1,1,1,1,1,1,1,1,1,2,2,2,2,2,2,2,2,2,2,2,2,2,2,2,2,2,2,2,2,2,2,2,2,2,2,2,2,2,2,3,3,3,4,4,4,4,4,4,4,5,5,5,5,5,6,7,7,7,8,9,9,11,13,14,15,15,17,17,22,23,27,31,40,54,81,134,266,519,1022,2047,4096,8276
100,1,1,1,1,1,1,1,1,1,1,1,1,1,1,1,1,1,1,1,1,1,1,1,1,1,1,1,1,1,2,2,2,2,2,2,2,2,2,2,2,2,3,3,3,3,3,3,3,3,3,3,3,3,3,3,3,3,3,3,3,4,4,5,5,5,5,5,5,5,6,7,7,7,7,7,8,8,9,11,11,12,15,15,16,16,19,21,24,28,33,43,48,66,95,161,301,596,1190,2367,4697,9377
100,1,1,1,1,1,1,1,1,1,1,1,1,1,1,1,1,1,1,1,1,1,1,1,1,1,1,1,1,1,1,1,1,1,1,1,1,1,1,1,1,1,1,1,2,2,2,2,2,2,2,3,3,3,3,3,3,3,3,3,3,4,4,4,4,4,4,4,5,5,5,6,6,6,6,6,7,9,12,12,14,16,16,16,17,18,22,25,26,28,32,42,48,58,85,145,284,570,1147,2301,4572,9172
100,1,1,1,1,1,1,1,1,1,1,1,1,1,1,1,1,1,1,1,1,1,1,1,2,2,2,2,2,2,2,2,2,2,2,2,2,2,2,2,2,2,2,3,3,3,3,3,3,3,3,3,3,3,3,3,4,4,4,4,4,5,5,5,6,6,6,6,7,8,8,8,8,9,11,13,13,13,13,14,16,16,17,19,22,23,25,29,35,39,44,53,73,93,135,226,427,848,1705,3438,6850,13666
100,1,1,1,1,1,1,1,1,1,1,1,1,1,1,1,1,1,1,1,1,1,1,1,1,1,1,1,1,1,1,1,1,2,2,2,2,2,2,2,2,2,2,2,3,3,3,3,3,3,3,3,4,4,4,4,4,4,4,4,4,5,5,5,5,5,5,6,6,7,7,7,7,7,10,10,11,12,12,13,14,14,14,17,21,23,26,29,33,37,40,46,56,76,106,186,358,718,1445,2905,5751,11503
100,1,1,1,1,1,1,1,1,1,1,1,1,1,1,1,1,1,1,1,1,1,1,1,1,1,1,1,1,1,1,1,1,1,1,1,1,2,2,2,2,2,2,2,2,2,2,2,2,2,2,3,3,3,3,4,4,4,4,4,4,4,4,4,4,5,6,7,7,7,7,8,8,10,10,12,12,12,12,13,15,17,17,20,22,24,24,28,32,36,41,51,63,79,119,199,386,758,1492,2972,5952,11828
100,1,1,1,1,1,1,1,1,1,1,1,1,1,1,1,1,1,1,1,1,1,1,1,1,1,1,1,1,1,3,3,3,3,3,3,3,3,3,3,3,3,3,3,3,3,3,3,3,3,4,4,4,4,4,4,5,5,5,5,5,6,6,7,7,7,7,7,7,7,8,10,12,12,13,13,15,16,17,17,17,19,19,21,25,26,28,33,39,44,49,54,66,88,128,221,428,857,1695,3419,6789,13590
100,1,1,1,1,1,1,1,1,1,1,1,1,1,1,1,1,1,1,1,1,1,1,1,1,1,1,1,1,1,1,1,1,1,1,1,1,1,1,1,1,1,1,1,1,1,1,2,2,2,2,2,2,2,2,2,2,3,3,3,3,3,3,3,3,3,4,4,4,4,4,4,5,5,5,6,6,7,8,8,9,9,10,11,12,14,15,16,18,21,23,26,32,41,61,108,215,405,803,1607,3238,6494
100,1,1,1,1,1,1,1,1,1,1,1,1,1,1,1,1,1,1,1,1,1,1,1,1,1,1,1,1,1,1,3,3,3,3,3,3,3,3,3,3,3,3,3,3,3,3,3,4,4,4,4,4,4,4,4,5,5,5,5,5,6,6,6,6,6,6,6,7,8,9,10,12,12,12,14,14,14,15,16,19,21,24,25,26,27,27,35,44,48,54,60,71,94,149,253,493,966,1927,3788,7536,15079
100,1,1,1,1,1,1,1,1,1,1,1,1,1,1,1,1,1,1,1,1,1,1,1,1,1,1,1,1,1,1,1,1,1,1,1,1,1,1,1,1,2,2,2,2,2,2,2,2,2,3,3,3,3,3,3,3,3,3,3,3,3,4,4,4,4,4,4,4,4,5,5,5,7,7,7,7,7,7,9,10,11,12,12,13,13,14,17,19,22,26,31,38,46,72,129,238,466,940,1844,3688,7341
100,1,1,1,1,1,1,1,1,1,1,1,1,1,1,1,1,1,1,2,2,2,2,2,2,2,2,2,2,2,2,2,2,2,2,2,2,2,2,4,4,4,4,4,4,4,4,4,4,5,5,5,5,5,5,6,6,6,6,6,7,7,8,9,9,9,10,10,12,12,13,15,16,16,17,18,18,20,21,23,24,27,28,29,31,34,38,41,45,52,66,76,91,128,177,297,561,1109,2191,4356,8755,17436
100,1,1,1,1,1,1,1,1,1,1,1,1,1,1,1,1,1,1,1,1,1,1,1,1,1,1,1,1,1,1,1,1,2,2,2,2,2,2,2,2,2,3,3,3,3,3,3,3,3,3,3,3,3,3,4,4,5,5,5,5,5,5,6,6,6,6,6,7,8,8,8,10,11,11,11,12,12,15,17,17,18,19,19,19,22,23,30,35,37,42,47,57,74,116,195,377,745,1496,2974,5916,11799
100,1,1,1,1,1,1,1,1,1,1,1,1,1,1,1,1,1,1,1,1,1,1,1,1,1,1,1,1,1,1,1,1,1,1,1,1,1,1,1,1,1,1,1,1,2,2,2,2,2,2,2,2,2,2,3,3,3,3,3,3,3,3,3,3,3,4,4,4,5,5,5,6,6,7,7,7,8,8,8,8,10,11,12,13,15,16,17,19,22,27,35,39,55,80,128,245,497,995,1980,4040,8103
100,1,1,1,1,1,1,1,1,1,1,1,1,1,1,1,1,1,1,1,1,1,1,1,1,1,2,2,2,2,2,2,2,2,2,2,2,2,2,2,3,3,3,3,3,3,3,3,3,3,3,4,4,4,4,4,4,4,4,4,5,5,5,6,7,8,8,8,8,8,10,10,11,11,12,12,13,13,15,15,16,18,22,24,25,29,29,30,34,44,49,60,69,92,131,215,414,838,1663,3330,6660,13281
100,1,1,1,1,1,1,1,1,1,1,1,1,1,1,1,1,1,1,1,1,1,1,1,1,1,1,1,1,1,1,1,1,1,1,1,1,2,2,2,2,2,2,2,2,2,2,2,2,2,2,3,3,3,3,3,3,3,3,3,3,3,3,4,4,4,5,5,5,6,6,6,6,6,7,7,9,10,11,11,11,11,11,16,18,20,21,21,24,26,31,37,44,61,88,142,269,554,1097,2181,4387,8714
100,1,1,1,1,1,1,1,1,1,1,1,1,1,1,1,1,1,1,1,1,1,1,1,1,1,1,1,1,1,1,1,1,2,2,2,2,2,2,2,2,2,2,2,2,2,2,2,2,4,4,4,4,4,4,4,4,4,4,5,5,5,5,5,5,5,5,5,6,6,6,7,8,9,9,10,11,12,13,13,13,15,15,16,19,23,28,30,33,35,37,44,58,85,124,209,389,770,1542,3068,6151,12235
100,1,1,1,1,1,1,1,1,1,1,1,1,1,1,1,1,1,1,1,1,1,1,1,1,1,1,1,1,1,1,1,1,1,2,2,2,2,2,2,2,2,2,2,2,2,2,2,3,3,3,3,3,3,3,3,3,4,4,4,4,4,4,5,6,6,7,7,7,7,7,7,7,8,8,12,12,12,13,13,16,18,18,20,20,23,27,28,31,38,44,54,63,77,122,197,394,770,1527,3043,6065,12103
100,1,1,1,1,1,1,1,1,1,1,1,1,1,1,1,1,1,1,1,1,1,1,1,1,1,1,1,1,1,1,1,1,1,1,1,1,1,1,1,1,1,2,2,2,2,2,2,2,2,2,2,2,2,2,2,2,2,2,2,3,3,3,4,4,4,4,4,4,5,5,5,6,6,7,8,8,8,9,10,12,12,12,12,13,17,19,21,22,24,28,32,43,57,92,149,276,553,1133,2236,4469,8970
100,1,1,1,1,1,1,1,1,1,1,1,1,1,1,1,1,1,1,1,1,1,2,2,2,2,2,2,2,2,2,2,2,2,2,2,2,2,3,3,3,3,3,3,3,3,3,3,4,4,4,4,4,4,4,4,4,5,6,6,6,6,6,6,7,8,8,9,9,9,9,10,12,12,15,15,15,15,16,17,20,22,26,28,30,34,36,42,47,57,60,66,85,111,162,284,548,1053,2082,4160,8390,16803
100,1,1,1,1,1,1,1,1,1,1,1,1,1,1,2,2,2,2,2,2,2,2,2,2,2,2,2,2,2,2,2,2,2,2,2,3,3,3,3,3,3,3,3,4,4,4,4,4,4,4,4,4,4,4,4,5,5,5,7,7,7,8,8,8,8,8,8,8,9,9,10,13,13,14,14,16,16,16,17,17,19,19,22,24,28,28,30,31,35,52,63,79,101,157,263,501,988,1964,3924,7843,15689
100,1,1,1,1,1,1,1,1,1,1,1,1,1,1,1,1,1,1,1,1,1,1,1,1,1,1,1,1,1,1,1,2,2,2,2,2,2,2,2,2,2,2,2,2,2,2,2,2,2,2,2,2,2,2,3,3,3,3,3,4,4,4,5,5,5,5,5,5,5,6,6,6,8,8,8,8,8,8,8,12,14,14,17,18,18,20,23,23,26,37,44,53,66,97,165,317,633,1269,2543,5071,10100
100,1,1,1,1,1,1,1,1,1,1,1,1,1,1,1,1,3,3,3,3,3,3,3,3,3,3,3,3,3,3,3,3,3,3,4,4,4,4,4,4,4,4,4,4,4,4,4,4,4,4,5,5,5,5,6,6,6,7,7,7,8,9,9,9,9,9,11,12,12,13,14,15,15,17,21,22,22,22,23,25,29,30,33,40,42,46,48,55,66,72,79,102,140,209,366,693,1369,2746,5457,10803,21546
100,1,1,1,1,1,1,1,1,1,1,1,1,1,1,1,1,1,1,1,1,2,2,2,2,2,2,2,2,2,2,2,2,2,2,2,2,2,3,3,3,3,3,3,3,3,3,3,3,3,3,3,4,4,4,4,4,4,4,5,5,5,6,6,6,6,6,6,6,7,8,10,10,10,10,10,11,13,16,17,19,20,21,22,23,24,26,30,34,37,46,55,74,98,144,243,461,894,1765,3503,7043,14137
100,1,1,1,1,1,1,1,1,1,1,1,1,1,1,1,1,1,1,1,1,1,1,1,1,1,2,2,2,2,2,2,2,2,2,2,2,2,2,3,3,3,3,3,3,3,3,3,3,3,3,3,3,3,3,3,3,4,4,4,4,4,4,4,4,5,5,6,7,7,7,7,7,8,10,10,11,11,14,14,15,15,16,19,23,24,26,30,33,36,41,49,66,90,128,208,403,798,1564,3156,6351,12669
100,1,1,1,1,1,1,1,1,1,1,1,1,1,1,1,1,2,2,2,2,2,2,2,2,2,2,2,2,2,2,2,2,3,3,3,3,3,3,3,3,3,3,3,5,5,5,5,5,5,5,5,5,6,6,6,6,6,6,7,7,8,8,8,8,8,11,12,12,13,13,13,14,17,18,18,19,20,21,22,26,27,31,33,36,41,44,51,55,60,67,80,92,121,192,323,611,1211,2436,4852,9693,19491
100,1,1,1,1,1,1,1,1,1,1,1,1,1,1,1,1,1,1,1,1,1,1,1,1,1,1,1,1,1,1,1,1,1,2,2,2,2,2,2,2,2,2,2,2,2,2,2,2,2,2,2,2,2,2,2,2,3,3,4,4,4,4,4,4,5,5,6,6,6,6,7,7,8,8,9,9,10,10,12,13,14,15,15,17,19,21,21,23,26,33,46,54,69,100,164,320,642,1283,2566,5124,10274
100,1,1,1,1,1,1,1,1,1,1,1,1,1,1,1,1,1,1,1,2,2,2,2,2,2,2,2,2,2,2,2,2,2,2,3,3,3,3,3,3,3,3,3,3,3,3,3,3,5,5,5,6,6,7,7,7,8,8,8,8,8,8,8,9,9,10,11,11,11,12,14,14,15,15,15,19,21,22,23,24,24,26,27,29,32,36,39,43,50,63,67,80,111,163,273,532,1045,2061,4136,8264,16568
100,1,1,1,1,1,1,1,1,1,3,3,3,3,3,3,3,3,3,3,3,3,3,3,3,3,3,3,3,3,3,3,3,3,3,3,3,3,3,4,4,4,4,4,5,5,5,5,5,5,5,5,6,6,8,8,8,8,8,9,11,11,12,13,13,13,13,15,15,15,15,16,20,21,22,22,24,24,26,29,32,36,37,39,40,46,52,55,61,70,81,91,116,159,237,397,763,1494,2992,5981,11911,23902
100,1,1,1,1,1,1,1,1,1,1,1,1,1,1,1,1,1,1,1,1,1,1,1,1,1,1,2,2,2,2,2,2,2,2,2,2,2,2,2,2,2,4,4,4,4,4,4,4,4,4,4,4,4,4,4,5,5,6,6,6,6,6,6,8,8,8,8,8,10,10,10,10,11,11,11,11,13,15,16,19,19,19,20,22,25,28,30,33,38,43,50,63,88,131,231,440,860,1709,3468,6911,13771
100,1,1,1,1,1,1,1,1,1,1,1,1,1,1,1,1,1,1,1,1,1,1,1,1,1,1,1,1,1,1,1,1,1,1,1,1,1,1,1,1,1,1,1,1,1,1,1,1,1,1,1,1,2,2,2,2,3,3,3,3,3,3,3,3,3,3,4,4,4,4,4,4,4,4,4,4,4,4,4,5,6,8,8,8,10,12,13,13,13,19,22,24,27,42,71,140,281,567,1122,2226,4468
100,1,1,1,1,1,1,1,1,1,1,1,1,1,1,1,1,1,1,1,1,1,1,1,1,1,2,2,2,2,2,2,2,2,2,2,2,2,2,2,2,2,2,4,4,4,4,4,4,4,4,5,5,5,5,5,5,5,5,5,6,6,6,6,6,6,6,8,8,8,11,11,12,13,14,14,15,16,18,19,19,22,23,25,25,31,38,39,42,47,51,64,83,108,161,262,489,959,1915,3820,7610,15252
100,1,1,1,1,1,1,1,1,1,1,1,1,1,1,1,1,1,1,1,1,1,1,1,1,1,1,1,1,1,1,1,1,1,1,2,2,2,2,2,2,2,3,3,3,3,3,3,3,3,3,3,3,3,3,4,4,4,4,4,4,4,4,5,5,5,5,5,6,7,7,8,9,9,9,9,9,10,11,13,14,15,16,17,19,25,26,29,35,38,43,50,57,77,113,184,352,690,1383,2766,5520,11051
100,1,1,1,1,1,1,1,1,1,1,1,1,1,1,1,1,1,1,1,1,1,1,1,1,1,2,2,2,2,2,2,2,2,2,2,2,2,2,3,3,3,3,3,3,3,3,3,3,3,3,4,4,4,4,4,4,4,4,4,6,6,6,6,7,8,9,10,10,10,10,10,10,12,13,14,15,15,19,19,20,21,22,26,29,32,34,37,37,45,51,62,85,109,165,275,513,1007,1986,3936,7846,15690
100,1,1,1,1,1,1,1,1,1,1,1,1,1,1,1,1,1,1,1,1,1,1,1,1,1,1,1,3,3,3,3,3,3,3,3,3,3,3,3,3,3,3,3,3,4,4,4,4,4,5,5,5,5,5,6,7,7,7,7,8,8,8,8,8,9,9,9,9,9,11,11,12,14,15,18,18,19,21,21,22,23,24,30,30,36,40,43,49,54,60,67,85,110,163,273,518,1016,2037,4042,8148,16240
100,1,1,1,1,1,1,1,1,1,1,1,1,1,1,1,1,1,1,1,1,1,1,1,1,1,1,1,1,1,1,1,1,1,1,1,1,1,1,1,1,2,2,2,2,2,2,2,2,2,2,3,3,3,3,3,3,3,4,4,4,4,5,5,5,6,6,6,6,6,6,7,8,9,9,9,9,10,10,10,12,14,15,17,17,21,24,25,27,31,37,44,52,71,106,177,336,648,1283,2571,5173,10312
100,1,1,1,1,1,1,1,1,1,1,1,1,1,1,1,1,1,1,1,1,1,1,1,1,1,1,1,2,2,2,2,2,2,2,2,2,2,2,2,2,2,2,2,2,2,2,2,2,2,2,2,2,2,2,2,3,3,3,3,4,4,4,4,4,4,4,4,5,5,5,5,6,7,8,8,8,8,8,9,9,9,12,14,14,15,16,16,18,21,28,33,44,58,94,158,294,569,1147,2283,4509,9021
100,1,1,1,1,1,1,1,1,1,1,1,1,1,1,1,1,1,1,1,1,1,1,1,1,1,1,1,1,1,1,1,1,1,1,1,2,2,2,2,2,2,2,2,2,2,3,3,3,3,3,3,3,3,3,3,3,3,3,3,3,3,4,4,5,5,5,6,6,6,6,8,8,9,9,9,9,10,10,11,13,14,15,16,19,19,22,22,25,25,28,38,54,75,108,181,348,677,1357,2705,5441,10835
100,1,1,1,1,1,1,1,1,1,1,1,1,1,1,1,1,1,3,3,3,3,3,3,3,3,3,3,3,3,3,3,3,3,3,3,3,4,4,4,4,4,4,4,4,4,4,4,4,4,4,5,5,5,5,5,5,6,6,6,7,9,9,9,9,9,10,10,10,11,12,12,12,13,14,15,15,16,17,21,23,27,28,29,29,31,36,40,48,54,58,66,86,121,180,295,567,1115,2233,4420,8841,17760
100,1,1,1,1,1,1,1,1,1,1,1,1,1,1,1,1,1,1,1,1,1,1,1,1,1,1,1,1,2,2,2,2,2,2,2,2,2,2,2,2,2,2,2,2,2,2,2,2,3,4,4,4,4,4,4,4,4,4,5,5,5,5,5,5,5,7,7,8,9,9,9,9,9,9,10,10,12,12,13,17,18,18,20,20,22,26,28,30,32,37,45,58,71,108,186,362,723,1470,2950,5918,11858
100,1,1,1,1,1,1,1,1,1,1,1,1,1,1,1,1,1,1,1,1,1,1,1,1,1,1,1,1,1,1,1,2,2,2,2,2,2,2,2,2,2,2,2,2,2,2,2,2,2,2,2,3,3,3,4,4,4,4,4,4,4,4,4,4,4,5,7,7,7,7,7,10,11,11,11,11,11,11,12,12,15,18,18,18,20,21,24,26,28,35,45,59,75,116,191,373,736,1442,2896,5820,11605
100,1,1,1,1,1,1,1,1,1,1,1,1,1,1,1,1,1,1,1,1,1,1,1,1,1,1,1,2,2,2,2,2,2,2,2,2,2,2,2,3,3,3,3,3,3,3,3,3,3,3,3,3,3,3,4,4,4,4,5,5,5,5,6,7,7,7,8,9,9,9,9,11,11,12,14,14,14,15,17,17,19,20,22,24,31,32,34,35,38,48,54,72,86,126,226,439,873,1739,3467,6938,13901
100,1,1,1,1,1,1,1,1,1,1,1,1,1,1,1,1,1,1,1,1,1,1,1,1,1,1,1,1,1,1,1,1,1,1,1,1,2,2,2,2,2,2,2,2,2,2,2,2,2,2,3,3,3,3,3,3,3,3,4,4,4,5,5,5,5,5,6,6,6,6,6,6,6,7,9,9,9,11,13,15,15,15,15,19,19,20,21,26,29,34,44,52,78,110,187,346,699,1354,2691,5390,10775
100,1,1,1,1,1,1,1,1,1,1,1,1,1,1,1,1,1,1,1,1,1,1,1,1,1,1,1,1,1,1,1,1,1,1,1,1,1,1,1,1,1,1,1,1,2,2,2,2,2,2,2,2,2,2,2,2,2,2,2,3,3,3,3,4,4,4,5,5,5,5,5,7,7,7,7,7,7,9,9,9,11,12,13,15,17,18,22,23,24,28,33,40,56,87,153,297,581,1128,2219,4412,8690
100,1,1,1,1,1,1,1,1,1,1,1,1,1,1,1,1,1,1,1,1,1,1,1,1,1,1,1,1,2,2,2,2,2,2,2,2,2,2,2,2,2,2,3,3,3,3,3,3,3,3,3,4,4,4,4,4,4,4,4,5,6,6,6,6,6,6,6,7,7,9,9,10,10,11,12,12,15,17,17,19,21,23,23,25,29,32,35,39,42,47,57,70,92,142,233,443,886,1753,3496,7018,13957
100,1,1,1,1,1,1,1,1,1,1,1,1,1,1,1,1,1,1,1,1,1,1,1,1,1,1,1,1,1,1,1,1,1,1,2,2,2,2,2,2,2,3,3,3,3,3,3,3,3,3,3,3,3,3,4,4,4,4,4,4,4,5,5,5,5,5,6,6,6,7,7,7,8,8,8,8,11,12,13,15,15,15,17,18,20,24,24,28,33,38,42,56,75,113,186,344,700,1402,2762,5473,11004
100,1,1,1,1,1,1,1,1,1,1,1,1,1,1,1,1,1,1,1,1,1,1,1,1,1,1,1,1,1,1,1,1,1,1,1,1,2,2,2,2,2,2,2,2,2,2,2,2,2,2,2,2,2,2,2,3,3,3,3,3,3,4,4,4,4,5,5,5,5,6,6,6,6,7,7,7,8,10,10,11,12,14,14,15,18,20,22,23,26,32,35,46,65,93,154,302,612,1210,2454,4894,9719
100,1,1,1,1,1,1,1,1,1,1,1,1,1,1,1,1,1,1,1,1,1,1,1,1,1,1,2,2,2,2,2,2,3,3,3,3,3,3,3,3,3,3,3,3,3,3,5,5,5,5,5,5,5,5,5,5,5,5,5,6,6,6,6,6,6,6,6,6,7,8,9,10,10,10,10,11,13,13,16,17,18,20,21,23,26,27,34,35,39,48,54,61,81,115,203,389,775,1543,3077,6155,12311
100,1,1,1,1,1,1,1,1,1,1,1,1,1,1,3,3,3,3,3,3,3,3,3,3,3,3,3,3,3,3,3,3,3,3,3,3,3,3,3,3,3,4,4,4,4,5,5,5,5,5,5,5,5,5,5,5,5,6,6,7,7,7,8,8,8,9,9,11,12,13,15,15,15,15,16,20,20,20,21,22,26,28,30,33,35,41,46,47,55,60,73,92,129,195,333,631,1226,2417,4817,9553,19094
100,1,1,1,1,1,1,1,1,1,1,1,1,1,1,1,1,1,1,1,1,1,1,1,1,1,3,3,3,3,3,3,3,3,3,3,3,3,3,4,4,4,4,4,4,4,4,4,4,4,5,5,5,5,5,5,5,5,5,5,5,7,7,7,7,7,7,8,9,10,10,11,12,12,13,14,16,17,17,17,19,23,25,26,27,30,32,37,42,46,51,60,80,108,157,260,496,1007,1997,3953,7866,15685
100,1,1,1,1,1,1,1,1,1,1,1,1,1,1,1,1,1,1,1,1,3,3,3,3,3,3,3,3,3,3,3,3,3,3,3,3,3,4,4,4,4,4,4,4,4,4,5,5,5,5,5,5,5,5,5,7,7,7,8,9,9,9,10,10,10,10,10,10,10,12,14,14,14,15,16,17,19,21,23,24,26,27,29,29,30,34,41,46,52,66,76,94,118,176,299,561,1096,2169,4286,8597,17201
100,1,1,1,1,1,1,1,1,1,1,1,1,1,1,1,1,1,1,1,1,1,1,1,1,1,1,1,1,1,1,1,1,1,2,2,2,2,2,2,2,2,2,2,2,3,3,3,3,3,3,3,3,3,3,3,3,3,3,3,3,4,5,5,5,6,6,6,6,8,10,11,11,11,11,11,12,12,12,13,14,18,19,22,25,26,28,33,38,41,44,54,68,95,142,240,448,873,1723,3449,6875,13682
100,1,1,1,1,1,1,1,1,1,1,1,1,1,1,1,1,1,1,1,1,1,1,1,3,3,3,3,3,3,3,3,3,3,3,3,3,3,3,3,3,3,3,4,4,4,4,4,4,4,4,4,4,4,4,4,5,5,5,5,5,5,6,6,8,8,8,8,9,9,10,10,11,11,11,13,14,15,17,18,19,22,23,24,25,30,32,32,38,45,51,59,76,102,148,250,487,972,1930,3822,7698,15276
100,1,1,1,1,1,1,1,1,2,2,2,2,2,2,2,2,2,2,2,2,2,2,2,2,2,2,2,2,2,2,4,4,4,4,4,4,4,4,4,4,5,5,5,5,5,5,5,5,5,5,5,6,6,7,7,8,8,9,9,9,9,9,10,11,12,12,12,14,14,14,14,17,19,21,21,25,26,26,28,31,32,36,36,42,46,49,58,68,72,86,93,119,150,233,397,740,1483,2981,5942,11877,23830
100,1,1,1,1,1,1,1,1,1,2,2,2,2,2,2,2,2,2,2,2,2,2,2,2,2,2,2,2,2,2,2,2,2,2,4,4,4,4,4,4,4,4,4,4,4,4,4,4,4,4,4,4,5,5,6,6,7,7,7,8,9,9,9,10,10,10,11,11,12,12,13,14,16,17,19,20,22,24,27,28,30,33,38,39,46,48,51,58,66,71,84,104,143,220,370,706,1390,2755,5540,11107,22197
100,1,1,1,1,1,1,1,1,1,1,1,1,1,1,1,1,1,2,2,2,2,2,2,2,2,2,2,2,2,2,2,2,2,2,3,3,3,3,3,3,3,3,4,4,4,4,5,5,5,5,5,5,6,6,6,6,6,6,6,7,7,7,8,9,9,9,9,10,10,11,12,13,14,16,16,17,17,19,22,23,24,28,31,32,35,37,45,50,57,65,78,91,128,186,320,608,1199,2391,4755,9431,18840
100,1,1,1,1,1,1,1,1,1,1,1,1,1,1,1,1,1,1,1,1,1,1,1,1,1,1,1,1,1,1,1,1,1,3,3,3,3,3,3,3,3,3,3,3,3,3,3,3,3,3,3,3,3,3,3,4,4,4,4,4,5,6,6,6,6,7,7,8,8,8,8,8,10,10,10,10,12,13,15,15,16,16,16,18,20,22,25,29,34,38,46,56,77,114,203,382,767,1502,3036,6104,12136
100,1,1,1,1,1,1,1,1,1,1,1,1,1,1,1,1,1,1,1,1,1,1,1,1,1,1,1,1,1,1,1,1,1,2,2,2,2,2,2,2,2,2,2,2,2,2,2,2,3,3,3,3,3,3,3,3,3,3,3,4,4,5,5,5,5,6,6,6,6,6,7,8,8,10,10,11,11,13,14,15,15,17,18,20,20,22,26,32,32,38,42,53,73,111,191,361,716,1431,2872,5736,11491
100,1,1,1,1,1,1,1,1,1,1,1,1,1,1,1,1,1,1,1,1,1,1,1,1,1,1,1,1,1,1,1,1,1,1,1,1,2,2,2,2,2,2,2,2,3,3,3,3,3,3,3,3,3,3,3,3,3,3,3,3,3,5,5,5,5,6,6,6,6,6,6,6,8,8,9,10,10,10,10,12,12,13,15,15,15,19,19,21,25,28,34,45,66,94,158,301,594,1171,2327,4689,9387
100,1,1,1,1,1,1,1,1,1,1,1,1,1,1,1,1,1,1,1,1,1,1,1,1,2,2,2,2,2,2,2,2,2,2,2,2,2,2,2,2,2,2,2,2,2,2,2,2,2,2,2,3,3,3,3,3,3,3,3,3,3,3,4,5,5,5,6,6,6,7,7,7,7,9,9,9,10,11,11,11,13,13,15,18,19,23,25,27,28,34,41,47,67,97,169,330,643,1289,2583,5125,10295
100,1,1,1,1,1,1,1,1,1,1,1,1,1,1,1,1,1,1,1,1,1,1,1,1,1,1,1,1,1,1,1,1,1,1,1,1,1,1,1,1,1,1,1,1,1,1,1,1,1,1,1,1,2,2,2,2,2,2,2,2,3,3,3,3,3,3,3,3,3,3,5,5,5,6,6,6,7,8,9,9,10,10,12,14,15,16,17,17,21,25,31,39,49,76,127,238,471,919,1844,3699,7366
100,1,1,1,1,1,1,1,1,1,1,1,2,2,2,2,2,2,2,2,2,2,2,2,2,2,2,2,2,2,2,2,2,3,3,3,3,3,3,3,3,3,3,5,5,5,5,5,5,5,5,6,6,6,6,7,7,7,7,7,7,7,7,7,8,8,9,11,11,11,12,13,16,17,17,17,19,20,21,23,24,25,27,30,35,38,39,43,48,56,57,68,86,111,169,297,562,1116,2256,4455,8908,17905
100,1,1,1,1,1,1,1,1,1,1,1,1,1,1,1,1,1,1,1,1,1,1,1,1,1,1,1,1,2,2,2,2,2,2,2,2,3,3,3,3,3,3,3,3,3,3,3,3,3,3,3,3,3,5,5,5,6,6,6,6,6,7,7,7,7,7,7,7,7,9,9,11,11,14,15,15,16,17,17,18,18,20,23,25,29,30,31,35,38,50,60,77,98,151,258,486,938,1847,3676,7325,14683
100,1,1,1,1,1,1,1,1,1,1,1,1,1,1,1,1,1,1,1,1,1,1,1,1,1,1,1,1,1,1,1,1,1,1,2,2,2,2,2,2,2,2,2,2,2,3,3,3,3,3,3,3,3,3,3,3,3,3,4,5,5,5,5,6,6,7,7,7,8,8,8,8,8,9,9,10,12,13,14,14,16,17,19,20,22,25,26,30,35,39,44,59,81,126,209,397,787,1569,3102,6227,12486
100,1,1,1,1,1,1,1,1,1,1,1,1,1,1,1,1,2,2,2,2,2,2,2,2,2,2,2,2,2,2,2,2,2,2,2,2,3,3,3,3,3,3,3,3,3,3,3,4,4,4,4,4,4,5,6,6,6,6,6,6,6,6,6,6,6,6,6,7,8,8,9,9,9,9,10,11,12,14,15,15,17,18,20,23,26,27,30,32,39,44,51,66,93,136,226,427,842,1678,3287,6519,13022
100,1,1,1,1,1,1,1,1,1,1,1,1,1,1,1,1,1,1,1,1,1,1,1,1,1,1,1,1,1,2,2,2,2,2,2,2,2,2,3,3,3,3,3,3,3,3,3,3,3,3,3,4,4,4,4,4,5,5,5,5,5,5,6,6,6,6,6,6,6,6,7,8,10,10,10,10,11,11,13,14,15,18,19,20,23,24,26,29,33,37,46,55,68,111,194,372,740,1478,2918,5838,11650
100,1,1,1,1,1,1,1,1,1,1,1,1,1,1,1,1,1,1,1,1,1,1,1,1,1,1,1,1,1,1,1,1,1,1,1,1,1,1,2,2,2,2,2,2,2,2,3,3,3,3,3,3,3,3,3,3,4,4,4,4,4,5,5,5,5,6,7,7,7,8,8,8,8,9,9,11,13,13,13,13,14,17,20,22,23,24,26,28,32,38,46,60,77,119,204,386,760,1512,3021,6046,12073
100,1,1,1,1,1,1,1,1,1,1,1,1,1,1,1,1,1,1,1,1,1,3,3,3,3,3,3,3,3,3,3,3,3,3,3,3,3,3,3,4,4,4,4,4,4,4,4,4,4,4,4,5,5,5,5,5,5,6,7,8,8,8,8,9,9,11,11,11,13,13,14,15,15,15,15,16,19,20,21,24,29,31,32,34,36,39,48,52,60,71,82,97,126,181,314,585,1142,2276,4517,9039,18184
100,1,1,1,1,1,1,1,1,1,1,1,1,1,1,1,1,1,1,1,1,1,1,1,1,1,1,1,1,1,1,2,2,2,2,2,2,2,2,2,3,3,3,3,3,3,3,3,3,3,3,3,3,3,3,3,4,4,4,4,5,5,6,6,6,7,7,7,8,8,8,8,10,10,10,11,11,11,13,13,14,16,18,21,21,21,24,26,31,34,39,46,56,76,115,196,369,719,1453,2901,5878,11749
100,1,1,1,1,1,1,1,1,1,1,1,1,1,1,1,1,1,1,1,1,1,1,1,1,1,1,1,1,1,1,1,1,1,1,1,1,1,1,1,1,1,1,2,2,2,2,2,2,2,2,2,2,2,2,2,2,2,2,2,3,3,3,3,3,3,3,3,3,6,6,7,7,7,7,7,7,9,10,12,12,13,14,14,15,15,21,21,24,26,28,35,44,58,85,144,271,535,1048,2101,4231,8494
100,1,1,1,1,1,1,1,1,1,1,1,1,1,1,1,2,2,2,2,2,2,2,3,3,3,3,3,3,3,4,4,4,4,4,4,4,4,4,4,4,4,4,4,4,4,4,4,4,5,5,5,5,6,6,6,6,7,8,9,9,10,10,11,11,12,13,13,13,13,15,15,16,17,17,19,21,21,24,25,28,28,33,37,39,42,49,54,58,62,71,87,113,149,219,386,718,1406,2798,5551,11031,21942
100,1,1,1,1,1,1,1,1,1,1,1,1,1,1,1,1,2,2,2,2,2,2,2,2,2,2,2,2,2,2,2,2,2,2,2,2,2,2,2,2,2,2,2,2,2,2,2,2,2,2,2,4,4,4,4,4,4,4,4,4,4,5,5,6,6,6,6,6,6,6,6,9,10,10,10,10,11,12,14,16,16,16,18,18,20,23,25,29,30,41,51,61,81,112,189,350,695,1360,2709,5402,10800
100,1,1,1,1,1,1,1,1,1,1,1,1,1,1,1,1,1,1,1,1,1,1,1,1,2,2,2,2,2,2,2,2,2,2,2,2,2,2,2,2,2,2,2,2,2,2,2,3,3,3,3,3,3,3,3,3,3,3,3,4,4,5,5,6,7,7,7,7,7,7,9,10,10,10,11,12,13,14,15,15,17,17,19,23,25,33,37,40,43,44,48,65,84,122,209,401,807,1584,3166,6353,12722
100,1,1,1,1,1,1,1,1,1,1,1,1,1,1,1,1,1,1,1,1,1,1,1,1,1,1,1,1,1,1,1,1,1,1,1,1,1,1,1,2,2,2,2,2,2,2,2,2,3,3,3,3,3,3,3,3,3,3,3,4,4,4,6,6,6,6,7,7,7,7,8,8,8,8,8,11,11,12,13,15,15,16,19,22,23,26,28,31,37,43,51,57,76,107,191,363,701,1406,2782,5563,11179
100,1,1,1,1,1,1,1,1,1,1,1,1,1,1,1,1,1,1,1,1,1,1,1,1,1,1,1,1,1,1,1,2,2,2,2,2,2,2,3,3,3,3,3,3,3,3,3,3,3,3,3,3,3,4,4,5,5,5,5,5,5,5,6,6,6,7,7,11,11,11,11,11,11,11,12,12,14,14,19,20,21,23,23,27,30,30,32,34,39,46,56,74,100,147,239,470,927,1865,3745,7502,14934
100,1,1,1,1,1,1,1,1,1,1,1,1,1,1,1,1,1,1,1,1,1,1,1,2,2,2,2,2,2,2,2,2,2,2,2,2,2,2,2,2,2,2,2,2,2,3,4,4,4,4,4,4,4,4,5,5,5,5,5,5,5,6,6,7,7,8,8,9,9,10,10,11,11,12,12,16,16,16,17,18,19,21,23,25,27,31,38,42,47,53,63,75,101,153,265,504,991,1956,3863,7707,15441
100,1,1,1,1,1,1,1,1,1,1,1,1,1,1,1,1,1,1,1,1,1,1,1,1,1,1,1,1,1,1,1,1,2,2,2,2,2,2,2,2,2,3,3,3,3,3,3,3,3,3,3,3,3,3,4,4,4,4,4,4,4,4,4,4,4,4,5,7,7,8,8,9,9,10,10,11,11,12,13,14,16,16,16,17,18,21,24,29,34,39,45,57,77,110,184,342,677,1341,2690,5406,10740
100,1,1,1,1,1,1,1,1,1,1,1,1,1,1,1,1,1,1,1,1,1,1,1,1,1,2,2,2,2,2,2,2,2,2,2,2,2,2,2,2,2,2,2,2,2,3,3,3,3,3,3,3,3,3,3,3,3,3,3,4,4,5,5,5,5,5,6,6,7,8,8,8,8,10,10,11,12,12,14,16,16,17,18,20,22,25,27,31,35,38,45,57,73,109,182,361,712,1379,2790,5569,11082
100,1,1,1,1,1,1,1,1,1,1,1,1,1,1,1,1,1,1,1,1,1,1,1,1,1,1,1,1,1,1,1,2,2,2,2,2,2,2,2,2,2,2,2,2,2,2,2,2,2,2,2,2,2,2,2,2,3,3,3,3,4,4,6,6,6,6,6,6,8,8,8,8,8,8,8,8,8,10,11,11,11,14,17,18,19,20,22,28,31,37,44,53,64,98,177,325,631,1274,2505,5045,9984
100,1,1,1,1,1,1,3,3,3,3,3,3,3,3,3,3,3,3,3,3,3,3,3,3,3,3,3,3,3,3,3,3,3,3,3,3,3,3,3,3,3,3,3,3,3,3,4,4,4,4,4,4,4,6,6,7,7,7,8,8,8,9,9,9,10,10,10,12,12,13,13,15,16,16,17,18,19,20,25,26,29,32,33,36,37,44,46,51,60,69,82,105,140,204,357,656,1294,2547,5072,10110,20159
100,1,1,1,1,1,1,1,1,1,1,1,1,1,1,1,1,1,1,1,1,1,1,1,1,1,1,1,2,2,2,2,2,2,2,2,2,2,2,2,2,3,3,3,3,3,3,3,3,3,3,3,3,4,5,5,5,5,6,7,7,7,7,8,8,8,9,9,10,10,11,11,12,13,13,15,17,17,21,22,24,25,26,29,33,35,38,45,49,63,68,79,89,114,175,291,559,1087,2153,4233,8530,17034
100,1,1,1,1,1,1,1,1,1,1,1,1,1,1,1,1,1,1,1,1,1,1,2,2,2,2,3,3,3,3,3,3,3,3,3,3,3,3,3,3,3,3,3,3,4,4,4,4,4,4,4,4,4,4,6,6,6,7,7,8,8,8,8,8,8,8,10,10,11,11,12,13,14,14,15,18,18,20,20,22,24,28,31,32,36,39,44,45,49,60,75,88,116,179,310,581,1160,2296,4579,9036,18111
100,1,1,1,1,1,1,1,1,1,1,1,1,1,1,1,1,1,1,1,1,1,1,2,2,2,2,2,2,2,2,2,2,2,2,4,4,4,4,4,4,4,4,4,4,4,5,5,5,5,5,5,5,5,6,6,6,6,6,6,6,6,7,7,8,8,8,9,9,9,9,9,11,13,13,13,13,13,13,16,19,22,26,28,30,31,34,38,41,43,52,59,75,105,148,256,494,986,1951,3919,7788,15547
100,1,1,1,1,1,1,1,1,1,1,1,1,1,1,1,1,1,1,1,1,1,1,1,1,1,2,2,2,2,2,2,2,3,3,3,3,3,3,3,3,3,3,3,3,4,4,4,5,5,5,5,5,5,5,5,5,5,5,5,5,5,5,5,6,6,7,7,7,7,7,7,9,10,10,11,12,12,13,13,15,16,16,17,19,24,24,28,30,34,38,44,55,81,118,205,396,776,1522,3032,6036,12039
100,1,1,1,1,1,1,1,1,1,1,1,1,1,1,1,1,1,1,1,1,1,1,1,1,1,1,1,1,1,1,1,1,2,2,2,2,2,2,2,2,2,3,3,3,3,3,3,3,3,3,3,3,3,3,3,3,3,3,3,4,4,4,5,5,5,6,6,6,6,7,7,7,7,8,10,10,10,12,13,15,16,18,18,19,19,21,26,29,31,34,42,53,76,112,187,353,693,1367,2684,5358,10725
100,1,1,1,1,1,1,1,1,2,2,2,2,2,2,2,2,2,2,2,2,2,2,2,2,2,2,2,2,2,2,2,3,3,3,3,3,3,3,3,3,3,3,4,4,4,4,4,4,4,5,7,7,7,8,8,8,8,8,8,8,8,9,10,10,10,10,11,11,11,12,14,16,16,16,17,18,20,21,21,25,29,30,33,35,38,41,50,56,66,73,85,105,131,203,339,644,1281,2538,5068,10110,20250
100,1,1,1,1,1,1,1,1,1,1,1,1,1,1,3,3,3,3,3,3,3,3,3,3,3,3,3,3,3,3,3,3,3,3,3,3,3,3,3,3,3,3,3,3,3,3,4,5,5,5,6,6,6,6,6,6,6,6,6,6,7,9,9,10,10,10,10,12,13,13,14,14,14,16,18,19,20,24,25,25,27,27,35,36,41,43,47,52,61,66,81,103,132,189,332,616,1232,2386,4819,9627,19247
100,1,1,1,1,1,1,1,1,1,1,1,1,1,1,1,1,1,1,1,1,1,1,1,1,1,1,1,1,1,1,1,1,1,1,1,2,2,2,2,2,2,2,2,2,2,2,2,2,2,2,2,2,2,2,2,2,2,2,2,3,3,3,3,3,4,4,4,4,4,5,6,6,6,6,6,6,6,8,8,10,11,11,12,13,15,16,18,20,21,26,31,37,47,75,120,230,465,937,1876,3762,7507
100,1,1,1,1,1,1,1,1,1,1,1,1,1,1,1,1,1,1,1,1,1,1,1,1,1,1,2,2,2,2,2,2,2,2,2,2,2,2,3,3,3,3,3,3,3,3,3,3,3,3,3,3,4,4,5,5,7,7,7,7,7,7,7,7,7,7,8,8,8,11,12,12,12,13,13,14,16,17,17,18,18,20,25,28,29,34,37,38,44,49,59,76,105,150,252,477,941,1882,3754,7542,15126
100,1,1,1,1,1,1,1,1,1,1,1,1,1,1,1,1,1,1,1,1,2,2,2,2,2,2,2,2,2,2,2,2,2,2,2,2,2,3,3,3,3,3,3,3,3,3,4,4,4,4,4,4,4,4,5,5,5,5,5,7,7,7,7,8,8,8,9,11,11,11,12,13,13,13,15,17,19,22,23,23,24,27,31,31,33,36,41,47,53,61,74,94,122,187,319,611,1219,2392,4774,9492,18960
100,1,1,1,1,1,1,1,1,1,1,1,1,1,1,1,1,1,1,1,1,1,1,1,1,1,2,2,2,2,2,2,2,2,2,3,3,3,3,3,3,3,3,3,3,3,3,3,3,4,4,4,4,4,4,4,4,4,5,5,5,6,6,6,7,8,8,8,8,8,10,13,13,14,14,14,15,16,18,21,21,22,24,25,26,29,33,36,40,44,53,70,86,109,165,268,511,1006,2033,4030,8090,16237
100,1,1,1,1,1,1,1,1,1,1,1,1,1,1,1,1,1,1,1,1,1,1,1,1,1,1,1,1,1,1,1,1,1,1,1,2,2,2,3,3,3,3,3,3,3,3,3,3,3,3,3,5,5,5,5,5,5,5,5,5,6,6,6,6,6,6,7,7,8,8,8,10,10,11,12,14,14,14,16,17,19,20,21,24,27,31,31,34,36,44,51,63,78,120,206,402,798,1580,3148,6290,12624
100,1,1,1,1,1,1,2,2,2,2,2,2,2,2,3,3,3,3,3,3,3,3,3,3,3,3,4,4,4,4,4,4,4,4,4,4,4,4,4,4,6,6,6,6,6,6,6,6,6,6,6,7,7,7,8,8,8,8,8,8,8,9,9,10,10,10,11,13,13,13,14,16,17,19,19,20,21,24,25,27,28,30,34,37,41,45,52,56,61,72,86,108,151,214,346,674,1322,2640,5245,10515,20962
100,1,1,1,1,1,1,1,1,1,1,1,1,1,1,1,1,1,1,1,1,1,1,1,1,1,1,1,1,1,1,1,1,1,1,1,1,1,1,1,1,1,1,2,2,2,2,2,2,3,3,3,3,3,3,3,3,4,4,4,4,4,4,4,4,4,4,4,5,5,6,6,6,6,6,6,6,8,8,10,10,12,14,14,15,18,20,22,24,27,33,40,45,57,88,146,271,556,1128,2244,4424,8873
100,1,1,1,1,1,1,1,1,1,1,1,2,2,2,2,2,2,2,3,3,3,3,3,3,3,3,3,3,3,3,3,3,4,4,4,4,4,4,4,5,5,5,5,5,5,5,5,5,5,5,5,6,7,7,7,7,8,8,8,8,8,8,8,9,10,10,12,12,12,12,13,14,15,16,18,20,20,23,24,26,26,29,32,37,38,44,46,56,60,71,88,102,129,203,337,646,1250,2492,4910,9849,19689
100,1,1,1,1,1,1,1,1,1,1,1,1,1,1,1,1,1,1,1,1,1,1,1,1,1,2,2,2,2,2,2,2,2,2,2,2,2,2,2,2,2,2,2,3,3,3,3,3,3,3,3,3,4,4,5,5,6,6,6,6,6,7,7,7,8,8,8,8,8,8,10,11,12,13,13,15,15,16,19,22,23,24,24,26,31,32,35,42,46,55,64,78,103,156,269,501,983,1962,3950,7842,15671
100,1,1,1,1,1,1,1,1,1,1,1,1,1,1,1,1,1,1,1,1,1,1,1,1,1,1,1,1,1,1,1,2,2,2,2,2,2,2,2,2,2,2,2,2,2,2,2,2,2,2,2,2,2,2,3,3,3,3,3,4,4,4,4,4,4,4,5,5,6,6,7,7,7,7,8,11,11,12,12,12,12,14,16,17,19,22,25,29,31,33,39,46,59,79,136,265,532,1071,2161,4342,8670
100,1,1,1,1,1,1,1,1,1,1,1,1,1,1,1,1,1,1,1,1,1,1,1,1,1,1,1,1,1,1,1,1,2,2,2,2,2,2,2,2,2,2,2,2,2,2,2,2,2,2,2,2,3,3,3,3,3,3,4,4,5,5,5,5,5,6,6,6,6,6,9,9,9,10,10,10,10,10,14,15,16,18,19,21,22,23,24,26,31,37,45,57,71,108,189,352,710,1403,2808,5626,11181
100,1,1,1,1,1,1,1,1,1,1,1,1,1,3,3,3,3,3,3,3,3,3,3,3,3,3,3,3,3,3,3,3,3,3,3,3,3,3,3,3,3,3,3,3,3,3,3,3,3,4,4,5,5,5,6,6,6,8,8,8,8,8,8,8,8,9,9,10,12,13,13,14,16,16,16,17,18,18,22,23,24,27,28,33,36,40,44,51,55,65,75,93,126,183,295,570,1142,2273,4599,9143,18216
100,1,1,1,1,1,1,1,1,1,1,1,1,1,1,1,1,1,1,1,1,1,2,2,2,3,3,3,3,3,3,3,3,3,3,3,3,3,3,3,3,3,3,3,3,3,3,3,3,3,3,3,3,3,3,3,3,5,5,5,5,5,6,6,7,8,8,8,8,8,10,11,12,12,13,13,13,15,15,15,16,16,18,19,22,27,28,31,34,39,44,56,66,94,136,225,439,848,1714,3413,6764,13499
100,1,1,1,1,1,1,1,1,1,1,1,1,1,1,1,1,1,1,1,1,1,1,1,1,1,1,1,1,1,1,1,2,2,2,2,2,2,2,2,2,2,2,2,2,2,2,2,2,2,2,2,3,3,3,4,4,4,4,4,5,5,5,5,6,6,6,6,8,8,8,10,11,12,12,12,12,13,14,14,18,19,20,21,21,23,25,27,34,40,44,50,58,86,127,219,412,818,1637,3259,6493,12987
100,1,1,1,1,1,1,1,1,1,1,1,1,1,1,1,1,1,1,1,2,2,2,2,2,2,2,2,2,2,2,2,2,2,2,2,2,2,2,2,2,2,2,2,2,2,2,3,3,3,3,3,3,4,4,4,4,4,4,5,5,5,5,5,5,6,6,7,8,8,9,9,9,9,13,13,15,16,17,17,19,20,21,23,25,27,28,32,35,39,50,56,66,84,136,237,455,913,1807,3606,7221,14557
100,1,1,1,1,1,1,1,1,1,1,1,1,1,1,1,1,1,1,1,1,1,1,1,1,1,1,1,1,1,1,1,1,1,1,1,1,1,1,2,2,2,2,2,2,2,2,2,2,2,2,2,2,3,3,3,3,3,3,3,3,3,3,3,3,3,3,5,6,6,6,6,6,6,8,8,11,11,11,11,11,12,13,16,17,19,20,20,23,30,35,42,47,63,91,156,312,610,1219,2449,4899,9780
100,1,1,1,1,1,1,1,1,1,1,1,1,1,1,1,1,1,1,2,2,2,2,2,2,2,2,3,3,3,3,3,3,4,4,4,4,4,4,4,4,4,4,4,4,4,5,5,5,5,5,5,5,5,5,5,5,7,7,7,7,7,7,9,9,10,11,12,12,12,13,13,16,16,17,19,20,22,23,25,27,28,31,32,36,39,43,47,53,66,70,76,94,126,192,315,606,1211,2410,4813,9504,19117
100,1,1,1,1,1,1,1,1,1,1,1,1,1,1,1,1,1,1,2,2,2,2,2,2,2,2,2,2,2,2,2,2,2,2,2,2,2,2,3,3,4,4,4,4,4,4,4,4,4,4,4,4,4,5,6,6,6,6,6,6,7,7,8,8,8,9,10,10,10,10,11,12,12,14,14,16,18,20,21,22,22,23,27,31,36,39,42,49,52,60,70,93,115,164,284,537,1072,2100,4222,8483,16971
100,1,1,1,1,1,1,1,1,2,2,2,2,2,2,2,2,2,2,2,2,2,2,3,3,3,3,3,3,3,3,3,3,3,3,3,3,3,3,3,3,3,3,3,3,4,4,5,6,6,6,6,6,6,6,7,7,8,8,9,9,9,9,9,9,9,10,11,12,13,14,15,19,19,20,20,22,22,25,26,29,30,34,38,40,45,51,57,62,73,82,97,125,163,235,385,734,1451,2897,5804,11600,23277
100,1,1,1,1,1,1,1,1,1,1,1,1,1,1,1,1,1,1,1,1,1,1,1,1,1,1,1,1,1,1,1,2,2,2,2,2,2,2,2,2,2,2,2,2,3,3,3,3,3,3,3,3,3,3,4,4,4,4,4,4,4,4,5,5,5,5,5,5,5,5,7,8,9,9,9,10,10,12,13,16,17,19,19,23,23,26,29,32,40,43,51,62,83,116,190,375,727,1457,2862,5678,11315
100,1,1,1,1,1,1,1,1,1,1,1,1,1,1,1,1,1,1,1,1,1,1,1,2,2,2,2,2,2,2,3,3,3,3,3,3,3,3,3,3,3,4,4,4,4,4,4,4,4,4,4,4,4,4,4,5,5,6,6,6,6,6,8,9,9,10,10,10,10,10,11,11,12,13,13,14,15,16,16,18,19,19,22,22,27,30,35,39,46,50,61,76,106,151,253,473,943,1886,3745,7516,15165
100,1,1,1,1,1,1,1,1,1,1,1,1,1,1,1,1,1,1,1,1,1,2,2,2,2,2,2,2,2,2,2,2,2,2,2,2,2,3,3,3,3,3,3,3,3,3,4,4,4,4,5,5,5,5,5,5,6,6,6,6,6,6,7,7,7,8,8,8,10,10,10,11,13,14,16,17,18,20,22,23,25,26,28,35,35,37,39,47,51,61,67,76,102,167,281,541,1053,2050,4064,8194,16426
100,1,1,1,1,1,1,1,1,1,1,1,1,1,1,1,1,1,1,1,1,3,3,3,3,3,3,3,3,3,3,3,3,3,3,3,3,3,3,3,3,3,3,3,3,3,3,3,3,4,4,4,5,5,5,5,5,5,5,5,6,6,8,9,9,9,10,11,11,11,11,11,12,14,16,17,17,17,20,21,26,27,27,29,32,33,37,42,47,53,61,74,96,124,194,334,634,1249,2492,4937,9888,19688
100,1,1,1,1,1,1,1,1,1,1,1,1,1,1,1,1,1,1,1,1,1,1,1,1,1,1,1,1,1,1,1,1,1,1,1,1,1,1,1,1,1,2,2,2,2,2,2,2,2,3,3,3,3,3,3,3,3,3,3,3,3,3,3,4,4,4,5,6,6,6,6,6,7,7,8,8,9,9,10,11,13,13,14,15,18,21,23,24,28,32,40,48,63,93,167,308,600,1181,2358,4725,9463
100,1,1,1,1,1,1,1,1,1,1,1,1,1,1,1,1,1,1,1,1,1,2,2,2,2,2,2,2,2,2,2,2,2,2,2,2,2,2,2,2,2,3,3,3,3,3,3,3,3,3,3,3,4,4,4,5,5,5,6,6,6,6,6,6,6,8,9,9,10,10,14,14,14,14,16,16,16,17,20,23,23,24,25,28,31,36,40,44,50,56,65,82,112,157,261,515,989,1978,3925,7880,15755
100,1,1,1,1,1,1,2,2,2,2,2,2,2,2,2,2,2,2,2,2,3,3,3,3,3,3,3,3,3,3,3,3,3,3,3,3,3,3,3,4,4,4,4,4,4,5,5,6,6,6,6,6,6,6,6,7,8,9,9,9,9,9,9,9,11,13,13,15,15,17,17,18,22,24,25,26,27,29,31,32,33,39,45,49,52,57,66,75,83,95,107,137,180,249,439,836,1636,3238,6421,12770,25603
100,1,1,1,1,1,1,1,1,1,1,1,1,1,3,3,3,3,3,3,3,3,3,3,3,3,3,3,3,3,3,3,3,4,4,4,4,4,4,4,5,5,5,5,5,5,5,5,5,5,5,5,5,5,5,5,6,7,7,7,7,7,9,9,9,9,9,10,10,11,11,12,14,15,17,18,19,20,22,25,25,25,29,33,35,39,44,50,55,65,74,90,112,144,218,347,655,1291,2579,5163,10426,20862
100,1,1,1,1,1,1,1,1,1,1,1,1,1,1,1,1,1,1,1,1,1,1,1,1,1,1,1,1,1,1,2,2,2,2,2,2,2,2,2,2,2,2,2,2,2,2,2,2,2,2,2,2,2,2,2,3,3,3,3,3,3,4,4,4,4,5,5,5,5,5,5,5,5,5,9,9,9,10,11,12,12,12,12,16,18,22,24,25,26,31,37,43,57,83,143,257,513,1015,2049,4091,8168
100,1,1,1,1,1,1,1,1,1,1,1,1,1,1,1,1,1,1,1,1,1,1,1,1,1,1,1,1,1,1,1,1,1,2,2,2,2,2,2,2,3,3,3,3,3,3,3,3,3,3,4,4,4,4,4,4,4,4,4,4,4,4,5,5,5,5,5,5,5,7,7,7,7,8,9,9,11,12,13,14,14,15,15,18,20,22,26,27,33,39,44,54,77,120,195,363,705,1408,2809,5609,11167
100,1,1,1,1,1,1,1,1,1,1,1,1,1,1,1,1,1,1,1,1,1,1,1,1,1,1,1,1,1,1,2,2,2,2,2,2,2,2,2,2,2,2,2,2,2,2,2,2,2,2,2,2,2,2,2,2,2,3,3,3,4,4,4,4,4,4,4,4,4,5,6,6,7,7,8,8,10,10,10,12,12,12,12,14,16,19,21,22,25,30,33,38,54,85,148,276,565,1142,2259,4505,9036
100,1,1,1,1,1,1,1,1,1,1,1,1,1,1,1,1,1,1,1,1,1,1,1,1,1,2,2,2,2,2,2,2,2,2,2,2,2,2,2,2,3,3,3,3,3,3,3,3,3,3,3,4,4,4,4,4,4,6,7,7,7,7,8,8,8,9,9,9,9,9,10,13,14,14,14,17,17,19,19,20,21,23,25,28,32,38,43,48,52,56,66,80,109,161,279,528,1045,2057,4078,8133,16354
100,1,1,1,1,1,1,1,1,1,1,1,1,1,1,1,1,1,1,1,1,1,1,1,1,1,1,1,2,2,2,2,2,2,2,2,2,2,2,2,2,3,3,3,3,3,3,3,3,3,3,4,4,4,4,4,4,4,4,5,5,5,6,6,7,7,7,7,7,7,7,8,9,11,11,11,12,14,15,17,17,17,19,22,23,27,30,32,35,37,47,56,71,93,136,226,442,857,1728,3422,6852,13675
100,1,1,1,1,1,1,1,1,1,1,1,1,1,1,1,1,1,1,1,1,1,1,1,1,1,1,1,1,1,1,1,2,2,2,2,2,2,2,2,2,2,2,2,2,2,2,2,2,2,2,3,3,3,4,4,5,5,5,6,6,7,7,7,7,7,7,7,9,9,9,10,10,11,11,13,14,15,16,16,20,21,23,24,26,27,30,34,36,43,50,56,70,89,133,230,462,891,1747,3477,6912,13805
100,1,1,1,1,1,1,1,1,1,1,3,3,3,3,3,3,3,3,3,3,3,3,3,3,3,3,4,4,4,4,4,4,4,4,4,4,5,5,5,5,5,5,5,5,5,5,5,5,5,6,6,6,7,7,7,8,8,9,9,9,9,9,10,11,11,12,13,14,15,15,16,16,18,20,23,25,26,29,31,31,33,35,42,45,53,56,60,68,74,89,105,123,166,243,405,792,1574,3099,6192,12375,24681
100,1,1,1,1,1,1,1,1,1,1,1,1,1,1,1,1,1,1,1,1,1,1,1,1,1,1,1,2,2,2,2,2,2,2,2,2,2,2,2,3,3,3,3,3,3,3,3,3,3,3,3,3,3,3,3,4,4,4,4,4,6,6,6,6,6,6,7,7,7,7,9,9,10,10,10,11,11,13,15,17,17,19,19,21,22,29,32,34,35,41,54,66,86,123,211,396,771,1539,3052,6158,12264
100,1,1,1,1,1,1,1,1,1,1,1,1,1,1,1,1,1,1,1,1,1,1,1,1,1,1,1,1,1,1,1,1,1,1,1,1,1,1,2,2,2,2,2,2,2,2,3,3,3,3,3,3,3,3,4,4,4,4,4,4,4,4,4,4,5,5,5,5,6,7,8,8,8,8,8,9,11,11,12,13,13,15,15,16,16,19,21,23,29,34,41,49,68,92,164,305,583,1140,2296,4620,9207
100,1,1,1,1,1,1,1,1,1,1,1,1,1,1,1,1,1,1,3,3,3,3,3,3,3,3,3,3,3,3,3,3,3,3,3,3,3,3,3,3,3,3,4,4,4,4,4,4,4,4,4,4,5,5,6,7,7,7,7,7,7,9,9,9,10,12,12,12,13,13,16,16,16,18,19,21,21,23,23,26,29,33,36,38,42,46,52,60,68,75,89,104,132,201,347,665,1336,2654,5309,10589,21128
100,1,1,1,1,1,1,1,1,1,1,1,1,1,1,1,1,1,1,1,1,1,1,1,1,1,1,1,1,1,1,1,2,2,2,2,2,2,2,2,2,2,2,2,2,3,3,3,3,3,3,3,3,3,3,3,3,3,3,4,4,5,5,5,5,5,5,5,8,8,8,8,8,10,10,10,11,12,12,15,15,15,17,18,18,20,24,28,32,34,43,50,62,84,128,224,417,822,1629,3228,6432,12872
100,1,1,1,1,1,1,1,1,1,1,1,1,1,1,1,1,2,2,2,2,2,2,2,2,2,2,2,2,2,2,2,3,3,3,3,3,3,3,3,3,3,3,3,3,3,3,4,4,4,4,4,4,4,4,4,5,7,7,7,7,8,8,8,8,9,9,10,11,11,12,13,14,16,18,18,19,19,20,21,25,26,26,29,32,38,45,48,59,66,73,83,99,125,177,305,564,1146,2284,4573,9099,18192
100,1,1,1,1,1,1,1,1,1,1,1,1,1,1,1,1,1,1,1,1,1,3,3,3,3,3,3,3,3,3,3,3,3,3,3,3,4,4,4,4,4,4,4,4,4,4,4,4,4,4,4,4,4,4,4,4,5,7,8,8,8,8,8,8,8,8,10,10,11,11,11,13,13,13,15,17,20,20,21,22,23,28,29,31,33,38,39,45,51,60,73,86,115,165,282,532,1058,2101,4251,8499,17129
100,1,1,1,1,1,1,1,1,1,1,1,1,1,1,2,2,2,2,2,2,2,2,2,2,2,2,2,2,2,2,2,2,2,2,2,2,2,2,2,2,2,2,3,3,3,3,3,3,3,3,3,3,3,5,5,5,6,6,6,6,6,6,6,6,6,6,6,7,8,9,10,10,10,10,11,11,13,17,18,18,19,21,21,23,28,32,36,40,45,52,63,74,93,136,233,449,906,1814,3596,7168,14285
100,1,1,1,1,1,1,1,1,1,3,3,3,3,3,3,3,3,3,3,3,3,3,4,4,4,4,4,4,4,4,4,4,4,4,4,4,4,4,4,4,4,4,4,5,5,5,5,5,6,8,8,8,8,8,9,9,10,10,11,11,11,11,11,12,13,13,14,14,14,14,14,14,18,18,20,22,25,25,28,28,32,35,39,43,47,53,60,62,70,82,96,125,162,238,402,758,1501,2975,5980,11915,23742
100,1,1,1,1,1,1,1,1,1,1,1,1,1,1,1,1,1,1,1,1,1,1,1,3,3,3,3,3,3,3,3,3,3,3,4,4,4,4,4,4,4,4,4,4,4,4,4,4,4,4,4,4,6,6,6,6,6,7,8,8,8,8,8,9,9,9,11,11,11,11,11,12,12,14,15,16,18,18,19,19,20,22,25,29,30,32,32,36,42,51,55,67,98,149,246,478,969,1944,3836,7753,15543
100,1,1,1,1,1,1,1,1,1,1,1,1,1,1,1,1,1,1,1,1,1,1,1,1,1,1,1,1,1,2,2,2,2,2,2,2,3,3,3,3,3,3,3,3,3,3,3,3,3,3,3,3,3,3,3,4,4,4,4,5,6,6,6,6,6,6,6,7,7,7,7,7,9,10,10,10,11,14,14,14,15,18,20,20,24,26,30,30,32,39,50,61,77,107,191,349,687,1378,2755,5508,11016
100,1,1,1,1,1,1,1,1,1,1,1,1,1,1,1,1,1,1,1,1,1,1,1,1,1,1,1,1,1,1,1,1,1,2,2,2,2,2,2,2,2,2,2,2,2,2,3,3,3,3,3,3,3,3,3,3,4,4,4,4,5,6,6,6,6,6,7,8,8,8,8,8,11,12,12,14,14,14,15,17,19,22,23,25,29,29,32,35,37,40,57,78,93,136,221,437,845,1682,3391,6753,13496
100,1,1,1,1,1,1,1,1,1,1,1,1,1,1,1,1,1,1,1,1,1,1,1,1,1,1,1,1,1,1,1,1,1,1,1,1,1,1,1,1,1,1,1,1,1,1,1,1,1,1,2,2,2,2,2,2,2,2,2,2,3,3,3,3,3,3,4,4,4,4,4,4,4,4,4,4,4,6,6,6,7,8,8,9,10,10,11,14,15,19,20,23,35,53,93,171,336,664,1330,2654,5296
